date,demand,unit_price,unit_cost
2024-01-01,229.1,40.06,18.4
2024-01-02,262.6,40.47,17.9
2024-01-03,254.5,40.68,17.78
2024-01-04,195.7,40.63,17.9
2024-01-05,172.1,39.23,18.56
2024-01-06,188.0,40.16,18.41
2024-01-07,208.0,40.86,18.27
2024-01-08,217.9,41.35,17.99
2024-01-09,267.8,40.54,18.2
2024-01-10,245.4,40.78,18.41
2024-01-11,230.9,42.15,18.6
2024-01-12,184.7,40.11,18.32
2024-01-13,168.0,41.32,18.87
2024-01-14,222.6,41.23,18.41
2024-01-15,209.4,41.45,18.86
2024-01-16,244.0,41.55,18.07
2024-01-17,199.8,42.12,18.68
2024-01-18,208.9,42.33,18.38
2024-01-19,176.1,43.45,17.86
2024-01-20,175.2,42.84,18.66
2024-01-21,212.0,41.94,18.25
2024-01-22,181.5,42.12,18.72
2024-01-23,215.5,42.53,18.01
2024-01-24,235.6,43.34,18.31
2024-01-25,206.5,41.9,18.4
2024-01-26,197.8,42.18,17.76
2024-01-27,187.5,41.85,18.11
2024-01-28,204.6,42.5,18.32
2024-01-29,204.3,41.18,17.85
2024-01-30,165.8,41.88,17.85
2024-01-31,165.6,41.07,18.25
2024-02-01,163.7,41.8,18.79
2024-02-02,147.5,41.98,17.7
2024-02-03,160.9,41.29,17.99
2024-02-04,130.7,41.28,17.6
2024-02-05,171.2,41.86,18.21
2024-02-06,157.7,41.13,17.54
2024-02-07,152.3,41.35,17.74
2024-02-08,180.3,40.82,17.99
2024-02-09,140.6,40.35,17.28
2024-02-10,133.7,40.48,17.74
2024-02-11,123.9,41.61,17.46
2024-02-12,125.6,40.28,17.01
2024-02-13,255.0,40.31,17.33
2024-02-14,217.4,40.75,17.5
2024-02-15,251.9,40.2,17.34
2024-02-16,257.8,40.14,17.77
2024-02-17,200.5,40.88,17.4
2024-02-18,185.7,40.06,17.59
2024-02-19,235.3,39.05,17.69
2024-02-20,264.1,39.67,18.2
2024-02-21,243.5,38.9,17.8
2024-02-22,238.8,38.9,17.4
2024-02-23,250.7,39.49,18.14
2024-02-24,235.7,38.87,17.75
2024-02-25,228.5,38.58,17.83
2024-02-26,212.5,38.34,17.44
2024-02-27,249.4,38.6,17.76
2024-02-28,272.1,38.3,17.97
2024-02-29,239.3,38.84,17.48
2024-03-01,211.6,38.38,17.89
2024-03-02,197.3,38.13,18.06
2024-03-03,204.9,39.7,17.88
2024-03-04,222.3,38.27,18.58
2024-03-05,245.9,37.71,18.7
2024-03-06,294.8,37.42,17.84
2024-03-07,231.5,37.45,17.71
2024-03-08,252.3,37.32,17.91
2024-03-09,227.9,37.96,18.78
2024-03-10,227.3,38.0,18.04
2024-03-11,224.7,38.33,18.36
2024-03-12,252.4,37.56,18.87
2024-03-13,328.9,37.87,18.68
2024-03-14,260.2,37.86,18.78
2024-03-15,250.2,39.03,18.53
2024-03-16,240.0,38.34,19.18
2024-03-17,255.9,38.56,18.37
2024-03-18,244.9,38.98,18.13
2024-03-19,255.4,38.63,18.51
2024-03-20,275.7,38.58,19.31
2024-03-21,257.9,38.5,18.91
2024-03-22,263.7,38.68,18.33
2024-03-23,235.2,38.92,17.89
2024-03-24,242.4,38.94,18.36
2024-03-25,261.4,39.07,18.45
2024-03-26,315.4,40.27,18.44
2024-03-27,269.9,38.78,18.17
2024-03-28,259.3,38.56,17.85
2024-03-29,273.5,39.91,17.94
2024-03-30,234.6,40.55,18.18
2024-03-31,252.0,39.87,18.42
2024-04-01,246.1,40.56,18.26
2024-04-02,287.1,41.11,17.82
2024-04-03,305.6,40.3,17.78
2024-04-04,244.6,40.66,18.16
2024-04-05,239.8,40.28,18.08
2024-04-06,253.9,40.5,17.86
2024-04-07,312.5,40.74,16.99
2024-04-08,284.5,41.43,17.21
2024-04-09,292.3,41.92,17.82
2024-04-10,276.0,41.64,17.91
2024-04-11,298.0,40.96,17.69
2024-04-12,205.3,41.1,17.56
2024-04-13,248.4,41.4,17.51
2024-04-14,247.6,41.67,17.62
2024-04-15,264.5,42.03,17.06
2024-04-16,380.2,41.06,17.29
2024-04-17,240.4,41.34,17.69
2024-04-18,293.1,42.81,17.44
2024-04-19,272.1,42.19,17.49
2024-04-20,268.0,42.19,17.56
2024-04-21,223.3,41.3,17.7
2024-04-22,272.3,42.53,17.46
2024-04-23,265.8,42.29,17.34
2024-04-24,311.2,41.27,17.8
2024-04-25,306.6,41.37,17.23
2024-04-26,281.1,42.28,17.75
2024-04-27,256.5,41.26,17.42
2024-04-28,273.1,42.17,18.22
2024-04-29,297.0,41.55,18.66
2024-04-30,328.5,42.09,17.65
2024-05-01,322.9,42.14,18.33
2024-05-02,257.0,42.53,17.96
2024-05-03,260.3,40.62,17.97
2024-05-04,276.6,40.68,18.06
2024-05-05,249.9,41.25,18.36
2024-05-06,274.9,42.04,18.48
2024-05-07,325.6,41.33,18.12
2024-05-08,327.1,40.28,18.18
2024-05-09,342.5,41.29,18.74
2024-05-10,303.1,40.66,18.85
2024-05-11,260.8,41.21,18.14
2024-05-12,282.1,39.85,18.38
2024-05-13,227.9,40.76,18.79
2024-05-14,302.7,40.85,19.13
2024-05-15,329.6,39.52,18.57
2024-05-16,251.1,39.95,18.65
2024-05-17,283.7,39.96,18.22
2024-05-18,284.1,39.7,18.79
2024-05-19,314.5,39.03,18.61
2024-05-20,321.0,39.84,18.33
2024-05-21,402.2,38.75,18.41
2024-05-22,395.9,39.13,19.05
2024-05-23,274.9,39.21,18.8
2024-05-24,290.8,39.03,18.76
2024-05-25,276.8,39.03,17.98
2024-05-26,290.4,37.72,17.84
2024-05-27,295.3,37.39,17.68
2024-05-28,359.0,38.55,18.3
2024-05-29,371.1,38.53,17.7
2024-05-30,281.6,38.99,17.69
2024-05-31,331.1,38.1,18.31
2024-06-01,266.8,38.08,17.35
2024-06-02,323.6,37.36,18.01
2024-06-03,334.8,38.27,17.44
2024-06-04,337.2,38.76,17.79
2024-06-05,424.8,37.82,18.42
2024-06-06,362.4,38.25,17.78
2024-06-07,305.3,38.61,17.56
2024-06-08,294.7,38.62,17.54
2024-06-09,374.3,38.51,17.5
2024-06-10,367.9,38.59,17.39
2024-06-11,379.0,36.42,17.02
2024-06-12,358.8,37.22,17.25
2024-06-13,477.3,38.4,17.92
2024-06-14,420.3,37.44,17.88
2024-06-15,335.7,38.84,17.7
2024-06-16,436.7,38.15,17.51
2024-06-17,452.4,37.74,17.72
2024-06-18,409.1,39.06,17.63
2024-06-19,447.3,38.4,17.76
2024-06-20,442.6,38.35,18.07
2024-06-21,430.0,39.33,18.01
2024-06-22,467.1,38.96,17.57
2024-06-23,402.2,38.6,17.45
2024-06-24,358.9,38.78,17.14
2024-06-25,501.6,38.64,17.58
2024-06-26,470.6,40.41,17.83
2024-06-27,382.3,40.39,17.86
2024-06-28,332.2,39.89,17.94
2024-06-29,354.1,39.66,18.13
2024-06-30,417.8,40.39,18.36
2024-07-01,299.7,40.18,17.65
2024-07-02,370.1,40.81,17.87
2024-07-03,345.0,40.87,17.92
2024-07-04,343.5,40.72,18.46
2024-07-05,331.7,40.68,18.85
2024-07-06,309.0,41.25,18.41
2024-07-07,268.0,41.07,18.52
2024-07-08,391.6,40.35,18.26
2024-07-09,285.6,41.43,18.15
2024-07-10,347.6,42.29,18.27
2024-07-11,303.9,41.31,18.97
2024-07-12,347.4,41.71,18.49
2024-07-13,255.1,41.5,18.45
2024-07-14,267.6,41.88,18.7
2024-07-15,287.1,41.65,18.54
2024-07-16,302.0,43.04,18.83
2024-07-17,333.0,42.14,18.49
2024-07-18,341.0,41.96,18.56
2024-07-19,278.4,42.14,18.6
2024-07-20,244.1,42.05,18.24
2024-07-21,286.9,42.75,18.26
2024-07-22,318.3,41.66,18.54
2024-07-23,369.2,41.59,18.35
2024-07-24,322.4,42.26,18.09
2024-07-25,325.8,41.85,18.21
2024-07-26,332.9,41.6,18.93
2024-07-27,259.4,40.93,18.06
2024-07-28,289.4,41.8,17.83
2024-07-29,305.3,41.45,18.14
2024-07-30,295.0,42.21,18.46
2024-07-31,342.3,41.04,17.85
2024-08-01,367.8,41.7,17.79
2024-08-02,376.7,41.37,17.68
2024-08-03,245.3,40.96,17.37
2024-08-04,317.3,41.83,17.69
2024-08-05,349.9,41.8,18.0
2024-08-06,380.5,40.8,17.76
2024-08-07,327.8,40.73,17.64
2024-08-08,335.3,39.65,17.07
2024-08-09,279.7,41.03,17.45
2024-08-10,296.1,40.36,17.2
2024-08-11,321.7,40.88,16.71
2024-08-12,301.3,39.95,17.33
2024-08-13,339.8,40.31,17.69
2024-08-14,367.8,40.12,17.22
2024-08-15,344.0,40.01,17.26
2024-08-16,274.1,39.4,18.06
2024-08-17,316.2,39.15,17.75
2024-08-18,294.9,38.78,17.95
2024-08-19,308.7,39.32,18.0
2024-08-20,328.3,38.67,17.83
2024-08-21,356.1,39.22,17.65
2024-08-22,349.0,37.9,17.85
2024-08-23,253.7,39.42,18.19
2024-08-24,248.4,38.9,17.88
2024-08-25,232.3,38.58,17.9
2024-08-26,312.2,38.06,17.96
2024-08-27,333.8,37.96,18.23
2024-08-28,314.8,38.06,17.85
2024-08-29,277.0,38.55,18.56
2024-08-30,322.1,38.27,18.4
2024-08-31,311.9,38.33,17.96
2024-09-01,317.0,38.54,18.74
2024-09-02,294.3,38.37,17.74
2024-09-03,319.2,38.45,17.6
2024-09-04,323.8,38.0,18.52
2024-09-05,298.7,37.51,18.14
2024-09-06,244.7,38.74,18.22
2024-09-07,244.9,38.71,18.59
2024-09-08,287.4,37.23,18.79
2024-09-09,286.4,38.01,19.15
2024-09-10,293.5,39.33,18.64
2024-09-11,304.6,38.87,18.28
2024-09-12,352.6,38.82,18.68
2024-09-13,313.8,37.22,18.4
2024-09-14,283.9,38.27,18.32
2024-09-15,263.4,38.16,18.8
2024-09-16,247.9,38.58,18.84
2024-09-17,306.5,38.7,17.87
2024-09-18,295.3,39.37,18.71
2024-09-19,307.4,38.7,18.42
2024-09-20,292.4,38.98,18.49
2024-09-21,231.7,38.74,17.99
2024-09-22,288.1,38.6,17.92
2024-09-23,274.5,39.65,18.05
2024-09-24,295.9,40.15,18.31
2024-09-25,281.2,39.72,18.04
2024-09-26,276.5,40.58,17.93
2024-09-27,259.7,39.8,18.26
2024-09-28,237.0,40.42,17.69
2024-09-29,238.4,39.27,17.3
2024-09-30,255.7,40.61,17.97
2024-10-01,350.2,41.44,17.42
2024-10-02,283.8,40.34,17.79
2024-10-03,295.9,41.07,18.02
2024-10-04,252.5,41.15,17.39
2024-10-05,175.8,40.91,17.44
2024-10-06,327.4,41.3,17.16
2024-10-07,259.0,41.19,17.52
2024-10-08,263.2,41.03,17.29
2024-10-09,321.6,41.48,16.95
2024-10-10,309.8,41.43,17.41
2024-10-11,230.4,41.71,17.77
2024-10-12,210.9,40.61,17.09
2024-10-13,213.4,41.6,17.54
2024-10-14,261.0,42.4,17.27
2024-10-15,275.1,42.24,16.94
2024-10-16,296.8,42.55,17.93
2024-10-17,257.0,41.94,17.67
2024-10-18,225.5,42.51,17.6
2024-10-19,225.8,42.82,17.37
2024-10-20,214.4,41.77,17.08
2024-10-21,262.0,41.95,17.94
2024-10-22,274.7,43.47,17.51
2024-10-23,282.4,41.72,18.31
2024-10-24,264.7,40.97,17.6
2024-10-25,221.6,42.65,17.76
2024-10-26,182.8,41.89,17.87
2024-10-27,250.8,41.0,17.89
2024-10-28,266.2,41.03,18.15
2024-10-29,238.2,41.77,18.05
2024-10-30,284.6,40.79,18.17
2024-10-31,375.4,41.0,18.0
2024-11-01,335.2,40.56,18.67
2024-11-02,317.2,41.23,18.29
2024-11-03,297.3,41.04,18.21
2024-11-04,344.6,40.04,18.37
2024-11-05,377.1,41.58,18.09
2024-11-06,388.3,40.19,18.28
2024-11-07,338.6,40.34,18.5
2024-11-08,342.2,41.47,18.53
2024-11-09,292.1,40.18,19.0
2024-11-10,299.6,39.87,18.46
2024-11-11,343.4,39.71,18.59
2024-11-12,349.6,40.27,18.19
2024-11-13,335.0,39.43,18.84
2024-11-14,333.8,38.58,18.38
2024-11-15,299.9,38.79,19.03
2024-11-16,306.4,38.99,17.89
2024-11-17,329.5,39.1,18.81
2024-11-18,353.1,38.25,18.29
2024-11-19,334.7,39.0,18.25
2024-11-20,233.6,38.57,17.94
2024-11-21,235.8,38.17,18.42
2024-11-22,178.4,38.46,18.55
2024-11-23,215.0,39.46,17.74
2024-11-24,227.1,38.23,18.16
2024-11-25,233.0,38.25,17.82
2024-11-26,188.0,38.69,18.07
2024-11-27,243.8,38.09,18.02
2024-11-28,187.0,38.37,17.51
2024-11-29,225.8,38.3,17.27
2024-11-30,155.9,37.39,17.72
2024-12-01,171.3,38.29,17.96
2024-12-02,221.5,37.67,17.33
2024-12-03,199.2,37.79,17.63
2024-12-04,177.1,37.96,17.79
2024-12-05,198.6,37.41,17.38
2024-12-06,211.7,38.39,17.19
2024-12-07,169.4,38.46,17.41
2024-12-08,174.2,39.22,17.74
2024-12-09,214.2,37.88,17.48
2024-12-10,226.6,38.02,17.87
2024-12-11,260.8,39.12,17.1
2024-12-12,238.1,37.47,18.2
2024-12-13,193.5,38.11,17.59
2024-12-14,175.5,39.26,17.29
2024-12-15,214.2,38.19,17.94
2024-12-16,194.6,39.91,17.41
2024-12-17,201.0,38.58,17.37
2024-12-18,239.0,38.39,17.46
2024-12-19,203.9,39.07,16.87
2024-12-20,169.8,39.19,17.9
2024-12-21,198.9,39.05,17.67
2024-12-22,209.0,39.2,17.64
2024-12-23,183.5,39.64,17.5
2024-12-24,214.9,39.48,18.32
2024-12-25,216.3,39.36,17.9
2024-12-26,212.1,39.99,17.85
2024-12-27,189.0,40.07,18.27
2024-12-28,160.3,39.46,17.91
2024-12-29,191.0,40.56,17.97
2024-12-30,199.7,40.48,18.44
