date,demand,unit_price,unit_cost,macro_multiplier,cycle_phase
2024-01-01,210.1,40.06,18.77,0.88,recovery
2024-01-02,246.9,40.47,18.26,0.8804,recovery
2024-01-03,234.7,40.68,18.14,0.8808,recovery
2024-01-04,165.9,40.63,18.26,0.8812,recovery
2024-01-05,143.5,39.23,18.93,0.8815,recovery
2024-01-06,166.2,40.16,18.78,0.8819,recovery
2024-01-07,190.0,40.86,18.64,0.8823,recovery
2024-01-08,196.3,41.35,18.35,0.8827,recovery
2024-01-09,254.2,40.54,18.56,0.8831,recovery
2024-01-10,223.4,40.78,18.78,0.8835,recovery
2024-01-11,209.4,42.15,18.97,0.8838,recovery
2024-01-12,158.6,40.11,18.69,0.8842,recovery
2024-01-13,142.2,41.32,19.25,0.8846,recovery
2024-01-14,209.1,41.23,18.78,0.885,recovery
2024-01-15,185.8,41.45,19.24,0.8854,recovery
2024-01-16,223.3,41.55,18.43,0.8858,recovery
2024-01-17,167.6,42.12,19.05,0.8862,recovery
2024-01-18,182.0,42.33,18.75,0.8865,recovery
2024-01-19,148.3,43.45,18.22,0.8869,recovery
2024-01-20,150.7,42.84,19.03,0.8873,recovery
2024-01-21,195.1,41.94,18.62,0.8877,recovery
2024-01-22,151.9,42.12,19.09,0.8881,recovery
2024-01-23,187.4,42.53,18.37,0.8885,recovery
2024-01-24,210.8,43.34,18.68,0.8888,recovery
2024-01-25,178.8,41.9,18.77,0.8892,recovery
2024-01-26,174.2,42.18,18.12,0.8896,recovery
2024-01-27,165.4,41.85,18.47,0.89,recovery
2024-01-28,185.2,42.5,18.69,0.8904,recovery
2024-01-29,178.9,41.18,18.21,0.8908,recovery
2024-01-30,149.4,41.88,18.21,0.8912,recovery
2024-01-31,148.0,41.07,18.62,0.8915,recovery
2024-02-01,148.5,41.8,19.17,0.8919,recovery
2024-02-02,132.8,41.98,18.05,0.8923,recovery
2024-02-03,153.5,41.29,18.35,0.8927,recovery
2024-02-04,113.7,41.28,17.95,0.8931,recovery
2024-02-05,160.5,41.86,18.57,0.8935,recovery
2024-02-06,138.7,41.13,17.89,0.8938,recovery
2024-02-07,131.1,41.35,18.09,0.8942,recovery
2024-02-08,169.3,40.82,18.35,0.8946,recovery
2024-02-09,123.6,40.35,17.63,0.895,recovery
2024-02-10,117.9,40.48,18.09,0.8954,recovery
2024-02-11,105.0,41.61,17.81,0.8958,recovery
2024-02-12,103.5,40.28,17.35,0.8962,recovery
2024-02-13,234.5,40.31,17.68,0.8965,recovery
2024-02-14,186.1,40.75,17.85,0.8969,recovery
2024-02-15,233.2,40.2,17.69,0.8973,recovery
2024-02-16,249.2,40.14,18.13,0.8977,recovery
2024-02-17,179.2,40.88,17.75,0.8981,recovery
2024-02-18,159.5,40.06,17.94,0.8985,recovery
2024-02-19,214.9,39.05,18.04,0.8988,recovery
2024-02-20,244.8,39.67,18.56,0.8992,recovery
2024-02-21,216.8,38.9,18.16,0.8996,recovery
2024-02-22,215.1,38.9,17.75,0.9,recovery
2024-02-23,238.1,39.49,18.5,0.9004,recovery
2024-02-24,223.3,38.87,18.1,0.9008,recovery
2024-02-25,211.8,38.58,18.19,0.9012,recovery
2024-02-26,185.1,38.34,17.79,0.9015,recovery
2024-02-27,224.5,38.6,18.12,0.9019,recovery
2024-02-28,251.5,38.3,18.33,0.9023,recovery
2024-02-29,214.2,38.84,17.83,0.9027,recovery
2024-03-01,186.5,38.38,18.25,0.9031,recovery
2024-03-02,172.9,38.13,18.42,0.9035,recovery
2024-03-03,180.6,39.7,18.24,0.9038,recovery
2024-03-04,195.7,38.27,18.95,0.9042,recovery
2024-03-05,218.5,37.71,19.07,0.9046,recovery
2024-03-06,279.3,37.42,18.2,0.905,recovery
2024-03-07,203.0,37.45,18.06,0.9054,recovery
2024-03-08,236.8,37.32,18.27,0.9058,recovery
2024-03-09,210.0,37.96,19.16,0.9062,recovery
2024-03-10,207.2,38.0,18.4,0.9065,recovery
2024-03-11,197.2,38.33,18.73,0.9069,recovery
2024-03-12,224.9,37.56,19.25,0.9073,recovery
2024-03-13,323.1,37.87,19.05,0.9077,recovery
2024-03-14,237.2,37.86,19.16,0.9081,recovery
2024-03-15,232.2,39.03,18.9,0.9085,recovery
2024-03-16,224.0,38.34,19.56,0.9088,recovery
2024-03-17,242.7,38.56,18.74,0.9092,recovery
2024-03-18,220.7,38.98,18.49,0.9096,recovery
2024-03-19,226.8,38.63,18.88,0.91,recovery
2024-03-20,250.4,38.58,19.7,0.9104,recovery
2024-03-21,232.4,38.5,19.29,0.9108,recovery
2024-03-22,248.0,38.68,18.7,0.9112,recovery
2024-03-23,216.0,38.92,18.25,0.9115,recovery
2024-03-24,223.2,38.94,18.73,0.9119,recovery
2024-03-25,239.9,39.07,18.82,0.9123,recovery
2024-03-26,302.4,40.27,18.81,0.9127,recovery
2024-03-27,241.1,38.78,18.53,0.9131,recovery
2024-03-28,232.4,38.56,18.21,0.9135,recovery
2024-03-29,258.9,39.91,18.3,0.9138,recovery
2024-03-30,213.6,40.55,18.54,0.9142,recovery
2024-03-31,233.8,39.87,18.79,0.9146,recovery
2024-04-01,218.7,40.56,18.63,0.915,recovery
2024-04-02,263.1,41.11,18.18,0.9154,recovery
2024-04-03,284.7,40.3,18.14,0.9158,recovery
2024-04-04,212.5,40.66,18.52,0.9162,recovery
2024-04-05,213.8,40.28,18.44,0.9165,recovery
2024-04-06,236.8,40.5,18.22,0.9169,recovery
2024-04-07,313.6,40.74,17.33,0.9173,recovery
2024-04-08,266.0,41.43,17.55,0.9177,recovery
2024-04-09,267.7,41.92,18.18,0.9181,recovery
2024-04-10,245.1,41.64,18.27,0.9185,recovery
2024-04-11,278.1,40.96,18.04,0.9188,recovery
2024-04-12,170.7,41.1,17.91,0.9192,recovery
2024-04-13,228.0,41.4,17.86,0.9196,recovery
2024-04-14,224.8,41.67,17.97,0.92,recovery
2024-04-15,238.4,42.03,17.4,0.9204,recovery
2024-04-16,384.1,41.06,17.64,0.9208,recovery
2024-04-17,200.6,41.34,18.04,0.9212,recovery
2024-04-18,269.9,42.81,17.79,0.9215,recovery
2024-04-19,251.5,42.19,17.84,0.9219,recovery
2024-04-20,251.8,42.19,17.91,0.9223,recovery
2024-04-21,193.3,41.3,18.05,0.9227,recovery
2024-04-22,246.7,42.53,17.81,0.9231,recovery
2024-04-23,231.2,42.29,17.69,0.9235,recovery
2024-04-24,286.0,41.27,18.16,0.9238,recovery
2024-04-25,285.6,41.37,17.57,0.9242,recovery
2024-04-26,261.6,42.28,18.1,0.9246,recovery
2024-04-27,235.4,41.26,17.77,0.925,recovery
2024-04-28,254.6,42.17,18.58,0.9254,recovery
2024-04-29,276.9,41.55,19.03,0.9258,recovery
2024-04-30,309.2,42.09,18.0,0.9262,recovery
2024-05-01,299.5,42.14,18.7,0.9265,recovery
2024-05-02,221.8,42.53,18.32,0.9269,recovery
2024-05-03,233.6,40.62,18.33,0.9273,recovery
2024-05-04,260.2,40.68,18.42,0.9277,recovery
2024-05-05,223.6,41.25,18.73,0.9281,recovery
2024-05-06,247.2,42.04,18.85,0.9285,recovery
2024-05-07,303.8,41.33,18.48,0.9288,recovery
2024-05-08,303.4,40.28,18.54,0.9292,recovery
2024-05-09,330.0,41.29,19.11,0.9296,recovery
2024-05-10,287.7,40.66,19.23,0.93,recovery
2024-05-11,238.5,41.21,18.5,0.9304,recovery
2024-05-12,263.8,39.85,18.75,0.9308,recovery
2024-05-13,189.3,40.76,19.17,0.9312,recovery
2024-05-14,273.1,40.85,19.51,0.9315,recovery
2024-05-15,305.4,39.52,18.94,0.9319,recovery
2024-05-16,212.8,39.95,19.02,0.9323,recovery
2024-05-17,261.2,39.96,18.58,0.9327,recovery
2024-05-18,267.8,39.7,19.17,0.9331,recovery
2024-05-19,306.0,39.03,18.98,0.9335,recovery
2024-05-20,304.6,39.84,18.7,0.9338,recovery
2024-05-21,405.2,38.75,18.78,0.9342,recovery
2024-05-22,393.3,39.13,19.43,0.9346,recovery
2024-05-23,240.8,39.21,19.18,0.935,recovery
2024-05-24,269.6,39.03,19.14,0.9354,recovery
2024-05-25,257.4,39.03,18.34,0.9358,recovery
2024-05-26,272.9,37.72,18.2,0.9362,recovery
2024-05-27,270.3,37.39,18.03,0.9365,recovery
2024-05-28,344.7,38.55,18.67,0.9369,recovery
2024-05-29,358.4,38.53,18.05,0.9373,recovery
2024-05-30,248.4,38.99,18.04,0.9377,recovery
2024-05-31,322.6,38.1,18.68,0.9381,recovery
2024-06-01,244.0,38.08,17.7,0.9385,recovery
2024-06-02,316.9,37.36,18.37,0.9388,recovery
2024-06-03,321.6,38.27,17.79,0.9392,recovery
2024-06-04,315.2,38.76,18.15,0.9396,recovery
2024-06-05,432.4,37.82,18.79,0.94,recovery
2024-06-06,353.1,38.25,18.14,0.9404,recovery
2024-06-07,287.6,38.61,17.91,0.9408,recovery
2024-06-08,280.1,38.62,17.89,0.9412,recovery
2024-06-09,388.2,38.51,17.85,0.9415,recovery
2024-06-10,366.7,38.59,17.74,0.9419,recovery
2024-06-11,371.0,36.42,17.36,0.9423,recovery
2024-06-12,341.2,37.22,17.6,0.9427,recovery
2024-06-13,460.4,38.4,18.28,0.9431,recovery
2024-06-14,398.9,37.44,18.24,0.9435,recovery
2024-06-15,298.1,38.84,18.05,0.9438,recovery
2024-06-16,427.2,38.15,17.86,0.9442,recovery
2024-06-17,434.5,37.74,18.07,0.9446,recovery
2024-06-18,366.3,39.06,17.98,0.945,recovery
2024-06-19,412.1,38.4,18.12,0.9454,recovery
2024-06-20,414.5,38.35,18.43,0.9458,recovery
2024-06-21,412.2,39.33,18.37,0.9462,recovery
2024-06-22,473.8,38.96,17.92,0.9465,recovery
2024-06-23,381.1,38.6,17.8,0.9469,recovery
2024-06-24,314.6,38.78,17.48,0.9473,recovery
2024-06-25,487.9,38.64,17.93,0.9477,recovery
2024-06-26,443.2,40.41,18.19,0.9481,recovery
2024-06-27,338.2,40.39,18.22,0.9485,recovery
2024-06-28,287.7,39.89,18.3,0.9488,recovery
2024-06-29,322.1,39.66,18.49,0.9492,recovery
2024-06-30,402.8,40.39,18.73,0.9496,recovery
2024-07-01,276.2,40.18,18.0,0.95,recovery
2024-07-02,360.3,40.81,18.23,0.9504,recovery
2024-07-03,324.3,40.87,18.28,0.9508,recovery
2024-07-04,329.1,40.72,18.83,0.9512,recovery
2024-07-05,324.6,40.68,19.23,0.9515,recovery
2024-07-06,301.0,41.25,18.78,0.9519,recovery
2024-07-07,244.7,41.07,18.89,0.9523,recovery
2024-07-08,403.0,40.35,18.63,0.9527,recovery
2024-07-09,251.5,41.43,18.51,0.9531,recovery
2024-07-10,328.9,42.29,18.64,0.9535,recovery
2024-07-11,278.3,41.31,19.35,0.9538,recovery
2024-07-12,347.7,41.71,18.86,0.9542,recovery
2024-07-13,231.1,41.5,18.82,0.9546,recovery
2024-07-14,245.2,41.88,19.07,0.955,recovery
2024-07-15,262.1,41.65,18.91,0.9554,recovery
2024-07-16,273.2,43.04,19.21,0.9558,recovery
2024-07-17,311.2,42.14,18.86,0.9562,recovery
2024-07-18,328.5,41.96,18.93,0.9565,recovery
2024-07-19,256.3,42.14,18.97,0.9569,recovery
2024-07-20,218.4,42.05,18.6,0.9573,recovery
2024-07-21,271.7,42.75,18.63,0.9577,recovery
2024-07-22,304.4,41.66,18.91,0.9581,recovery
2024-07-23,363.9,41.59,18.72,0.9585,recovery
2024-07-24,299.1,42.26,18.45,0.9588,recovery
2024-07-25,310.0,41.85,18.57,0.9592,recovery
2024-07-26,331.1,41.6,19.31,0.9596,recovery
2024-07-27,239.2,40.93,18.42,0.96,recovery
2024-07-28,276.7,41.8,18.19,0.9604,recovery
2024-07-29,289.0,41.45,18.5,0.9608,recovery
2024-07-30,267.5,42.21,18.83,0.9612,recovery
2024-07-31,327.4,41.04,18.21,0.9615,recovery
2024-08-01,369.8,41.7,18.15,0.9619,recovery
2024-08-02,396.3,41.37,18.03,0.9623,recovery
2024-08-03,222.8,40.96,17.72,0.9627,recovery
2024-08-04,317.0,41.83,18.04,0.9631,recovery
2024-08-05,352.3,41.8,18.36,0.9635,recovery
2024-08-06,384.9,40.8,18.12,0.9638,recovery
2024-08-07,310.5,40.73,17.99,0.9642,recovery
2024-08-08,327.4,39.65,17.41,0.9646,recovery
2024-08-09,263.3,41.03,17.8,0.965,recovery
2024-08-10,292.2,40.36,17.54,0.9654,recovery
2024-08-11,325.8,40.88,17.04,0.9658,recovery
2024-08-12,288.1,39.95,17.68,0.9662,recovery
2024-08-13,331.2,40.31,18.04,0.9665,recovery
2024-08-14,368.0,40.12,17.56,0.9669,recovery
2024-08-15,342.3,40.01,17.61,0.9673,recovery
2024-08-16,258.2,39.4,18.42,0.9677,recovery
2024-08-17,323.2,39.15,18.1,0.9681,recovery
2024-08-18,291.1,38.78,18.31,0.9685,recovery
2024-08-19,300.8,39.32,18.36,0.9688,recovery
2024-08-20,318.6,38.67,18.19,0.9692,recovery
2024-08-21,355.0,39.22,18.0,0.9696,recovery
2024-08-22,352.7,37.9,18.21,0.97,recovery
2024-08-23,234.0,39.42,18.55,0.9704,recovery
2024-08-24,232.9,38.9,18.24,0.9708,recovery
2024-08-25,210.5,38.58,18.26,0.9712,recovery
2024-08-26,308.7,38.06,18.32,0.9715,recovery
2024-08-27,329.4,37.96,18.59,0.9719,recovery
2024-08-28,301.8,38.06,18.21,0.9723,recovery
2024-08-29,257.9,38.55,18.93,0.9727,recovery
2024-08-30,330.3,38.27,18.77,0.9731,recovery
2024-08-31,323.7,38.33,18.32,0.9735,recovery
2024-09-01,328.8,38.54,19.11,0.9738,recovery
2024-09-02,287.3,38.37,18.09,0.9742,recovery
2024-09-03,312.8,38.45,17.95,0.9746,recovery
2024-09-04,317.4,38.0,18.89,0.975,recovery
2024-09-05,289.8,37.51,18.5,0.9754,recovery
2024-09-06,227.3,38.74,18.58,0.9758,recovery
2024-09-07,233.3,38.71,18.96,0.9762,recovery
2024-09-08,290.0,37.23,19.17,0.9765,recovery
2024-09-09,279.8,38.01,19.53,0.9769,recovery
2024-09-10,281.4,39.33,19.01,0.9773,recovery
2024-09-11,294.8,38.87,18.65,0.9777,recovery
2024-09-12,369.9,38.82,19.05,0.9781,recovery
2024-09-13,325.9,37.22,18.77,0.9785,recovery
2024-09-14,290.4,38.27,18.69,0.9788,recovery
2024-09-15,259.8,38.16,19.18,0.9792,recovery
2024-09-16,231.4,38.58,19.22,0.9796,recovery
2024-09-17,302.7,38.7,18.23,0.98,recovery
2024-09-18,285.8,39.37,19.08,0.9804,recovery
2024-09-19,309.1,38.7,18.79,0.9808,recovery
2024-09-20,298.9,38.98,18.86,0.9812,recovery
2024-09-21,221.3,38.74,18.35,0.9815,recovery
2024-09-22,298.2,38.6,18.28,0.9819,recovery
2024-09-23,270.3,39.65,18.41,0.9823,recovery
2024-09-24,291.8,40.15,18.68,0.9827,recovery
2024-09-25,270.3,39.72,18.4,0.9831,recovery
2024-09-26,269.9,40.58,18.29,0.9835,recovery
2024-09-27,256.5,39.8,18.63,0.9838,recovery
2024-09-28,231.4,40.42,18.04,0.9842,recovery
2024-09-29,231.8,39.27,17.65,0.9846,recovery
2024-09-30,247.9,40.61,18.33,0.985,recovery
2024-10-01,374.4,41.44,17.77,0.9854,recovery
2024-10-02,277.5,40.34,18.15,0.9858,recovery
2024-10-03,300.8,41.07,18.38,0.9862,recovery
2024-10-04,249.9,41.15,17.74,0.9865,recovery
2024-10-05,154.4,40.91,17.79,0.9869,recovery
2024-10-06,366.2,41.3,17.5,0.9873,recovery
2024-10-07,255.8,41.19,17.87,0.9877,recovery
2024-10-08,254.4,41.03,17.64,0.9881,recovery
2024-10-09,335.1,41.48,17.29,0.9885,recovery
2024-10-10,325.1,41.43,17.76,0.9888,recovery
2024-10-11,222.8,41.71,18.13,0.9892,recovery
2024-10-12,201.9,40.61,17.43,0.9896,recovery
2024-10-13,203.9,41.6,17.89,0.99,recovery
2024-10-14,262.1,42.4,17.62,0.9904,recovery
2024-10-15,274.3,42.24,17.28,0.9908,recovery
2024-10-16,303.5,42.55,18.29,0.9912,recovery
2024-10-17,253.7,41.94,18.02,0.9915,recovery
2024-10-18,219.1,42.51,17.95,0.9919,recovery
2024-10-19,225.1,42.82,17.72,0.9923,recovery
2024-10-20,208.0,41.77,17.42,0.9927,recovery
2024-10-21,267.1,41.95,18.3,0.9931,recovery
2024-10-22,277.5,43.47,17.86,0.9935,recovery
2024-10-23,287.0,41.72,18.68,0.9938,recovery
2024-10-24,268.0,40.97,17.95,0.9942,recovery
2024-10-25,216.7,42.65,18.12,0.9946,recovery
2024-10-26,169.8,41.89,18.23,0.995,recovery
2024-10-27,262.6,41.0,18.25,0.9954,recovery
2024-10-28,276.8,41.03,18.51,0.9958,recovery
2024-10-29,230.3,41.77,18.41,0.9962,recovery
2024-10-30,294.0,40.79,18.53,0.9965,recovery
2024-10-31,376.6,41.0,18.36,0.9969,recovery
2024-11-01,333.3,40.56,19.04,0.9973,recovery
2024-11-02,316.4,41.23,18.66,0.9977,recovery
2024-11-03,287.0,41.04,18.57,0.9981,recovery
2024-11-04,342.3,40.04,18.74,0.9985,recovery
2024-11-05,377.5,41.58,18.45,0.9988,recovery
2024-11-06,391.2,40.19,18.65,0.9992,recovery
2024-11-07,330.1,40.34,18.87,0.9996,recovery
2024-11-08,347.5,41.47,18.9,1.0,recovery
2024-11-09,285.5,40.18,19.38,1.0004,recovery
2024-11-10,293.8,39.87,18.83,1.0008,recovery
2024-11-11,344.9,39.71,18.96,1.0012,recovery
2024-11-12,343.7,40.27,18.55,1.0015,recovery
2024-11-13,322.0,39.43,19.22,1.0019,recovery
2024-11-14,327.5,38.58,18.75,1.0023,recovery
2024-11-15,292.4,38.79,19.41,1.0027,recovery
2024-11-16,308.9,38.99,18.25,1.0031,recovery
2024-11-17,339.6,39.1,19.19,1.0035,recovery
2024-11-18,362.8,38.25,18.66,1.0038,recovery
2024-11-19,327.1,39.0,18.62,1.0042,recovery
2024-11-20,231.3,38.57,18.3,1.0046,recovery
2024-11-21,239.5,38.17,18.79,1.005,recovery
2024-11-22,168.1,38.46,18.92,1.0054,recovery
2024-11-23,223.7,39.46,18.09,1.0058,recovery
2024-11-24,239.9,38.23,18.52,1.0062,recovery
2024-11-25,241.0,38.25,18.18,1.0065,recovery
2024-11-26,173.4,38.69,18.43,1.0069,recovery
2024-11-27,248.1,38.09,18.38,1.0073,recovery
2024-11-28,174.9,38.37,17.86,1.0077,recovery
2024-11-29,236.1,38.3,17.62,1.0081,recovery
2024-11-30,144.0,37.39,18.07,1.0085,recovery
2024-12-01,163.2,38.29,18.32,1.0088,recovery
2024-12-02,226.7,37.67,17.68,1.0092,recovery
2024-12-03,189.8,37.79,17.98,1.0096,recovery
2024-12-04,160.1,37.96,18.15,1.01,recovery
2024-12-05,192.0,37.41,17.73,1.0104,recovery
2024-12-06,217.7,38.39,17.53,1.0108,recovery
2024-12-07,163.2,38.46,17.76,1.0112,recovery
2024-12-08,168.5,39.22,18.09,1.0115,recovery
2024-12-09,218.1,37.88,17.83,1.0119,recovery
2024-12-10,229.2,38.02,18.23,1.0123,recovery
2024-12-11,277.4,39.12,17.44,1.0127,recovery
2024-12-12,249.4,37.47,18.56,1.0131,recovery
2024-12-13,193.3,38.11,17.94,1.0135,recovery
2024-12-14,172.8,39.26,17.64,1.0138,recovery
2024-12-15,226.7,38.19,18.3,1.0142,recovery
2024-12-16,192.0,39.91,17.76,1.0146,recovery
2024-12-17,195.1,38.58,17.72,1.015,recovery
2024-12-18,247.1,38.39,17.81,1.0154,recovery
2024-12-19,202.0,39.07,17.21,1.0158,recovery
2024-12-20,162.0,39.19,18.26,1.0162,recovery
2024-12-21,207.1,39.05,18.02,1.0165,recovery
2024-12-22,220.2,39.2,17.99,1.0169,recovery
2024-12-23,177.8,39.64,17.85,1.0173,recovery
2024-12-24,215.4,39.48,18.69,1.0177,recovery
2024-12-25,215.9,39.36,18.26,1.0181,recovery
2024-12-26,214.5,39.99,18.21,1.0185,recovery
2024-12-27,189.1,40.07,18.64,1.0188,recovery
2024-12-28,153.7,39.46,18.27,1.0192,recovery
2024-12-29,194.9,40.56,18.33,1.0196,recovery
2024-12-30,200.9,40.48,18.81,1.02,recovery
2024-12-31,234.9,40.06,18.4,1.02,expansion
2025-01-01,275.2,40.47,17.9,1.0207,expansion
2025-01-02,268.5,40.69,17.78,1.0213,expansion
2025-01-03,203.4,40.64,17.9,1.022,expansion
2025-01-04,158.3,39.24,18.56,1.0226,expansion
2025-01-05,184.5,40.18,18.41,1.0233,expansion
2025-01-06,213.7,40.88,18.27,1.024,expansion
2025-01-07,230.7,41.37,17.99,1.0246,expansion
2025-01-08,263.4,40.57,18.2,1.0253,expansion
2025-01-09,243.9,40.81,18.41,1.0259,expansion
2025-01-10,254.0,42.18,18.6,1.0266,expansion
2025-01-11,171.2,40.15,18.32,1.0273,expansion
2025-01-12,170.4,41.36,18.87,1.0279,expansion
2025-01-13,222.8,41.27,18.41,1.0286,expansion
2025-01-14,211.9,41.5,18.86,1.0292,expansion
2025-01-15,247.6,41.6,18.07,1.0299,expansion
2025-01-16,211.2,42.18,18.68,1.0305,expansion
2025-01-17,223.8,42.39,18.38,1.0312,expansion
2025-01-18,205.6,43.51,17.86,1.0319,expansion
2025-01-19,194.4,42.91,18.66,1.0325,expansion
2025-01-20,218.5,42.01,18.25,1.0332,expansion
2025-01-21,189.6,42.19,18.72,1.0338,expansion
2025-01-22,232.6,42.61,18.01,1.0345,expansion
2025-01-23,271.6,43.42,18.31,1.0352,expansion
2025-01-24,212.4,41.98,18.4,1.0358,expansion
2025-01-25,208.4,42.27,17.76,1.0365,expansion
2025-01-26,193.1,41.94,18.11,1.0371,expansion
2025-01-27,222.8,42.59,18.32,1.0378,expansion
2025-01-28,201.0,41.28,17.85,1.0385,expansion
2025-01-29,173.4,41.98,17.85,1.0391,expansion
2025-01-30,163.3,41.17,18.25,1.0398,expansion
2025-01-31,172.3,41.91,18.79,1.0404,expansion
2025-02-01,158.7,42.09,17.7,1.0411,expansion
2025-02-02,165.0,41.4,17.99,1.0418,expansion
2025-02-03,135.0,41.4,17.6,1.0424,expansion
2025-02-04,187.0,41.98,18.21,1.0431,expansion
2025-02-05,164.0,41.25,17.54,1.0437,expansion
2025-02-06,162.8,41.48,17.74,1.0444,expansion
2025-02-07,186.7,40.95,17.99,1.0451,expansion
2025-02-08,141.7,40.48,17.28,1.0457,expansion
2025-02-09,137.7,40.61,17.74,1.0464,expansion
2025-02-10,141.2,41.75,17.46,1.047,expansion
2025-02-11,130.2,40.42,17.01,1.0477,expansion
2025-02-12,268.1,40.45,17.33,1.0484,expansion
2025-02-13,239.5,40.9,17.5,1.049,expansion
2025-02-14,268.6,40.35,17.34,1.0497,expansion
2025-02-15,276.9,40.29,17.77,1.0503,expansion
2025-02-16,231.2,41.04,17.4,1.051,expansion
2025-02-17,202.8,40.22,17.59,1.0516,expansion
2025-02-18,239.9,39.21,17.69,1.0523,expansion
2025-02-19,286.1,39.83,18.2,1.053,expansion
2025-02-20,250.7,39.06,17.8,1.0536,expansion
2025-02-21,248.5,39.07,17.4,1.0543,expansion
2025-02-22,276.3,39.66,18.14,1.0549,expansion
2025-02-23,249.7,39.04,17.75,1.0556,expansion
2025-02-24,238.7,38.75,17.83,1.0563,expansion
2025-02-25,219.7,38.52,17.44,1.0569,expansion
2025-02-26,265.5,38.78,17.76,1.0576,expansion
2025-02-27,285.0,38.48,17.97,1.0582,expansion
2025-02-28,263.7,39.03,17.48,1.0589,expansion
2025-03-01,226.2,38.57,17.89,1.0596,expansion
2025-03-02,208.0,38.32,18.06,1.0602,expansion
2025-03-03,246.1,39.9,17.88,1.0609,expansion
2025-03-04,239.2,38.47,18.58,1.0615,expansion
2025-03-05,253.9,37.91,18.7,1.0622,expansion
2025-03-06,298.3,37.62,17.84,1.0629,expansion
2025-03-07,235.4,37.65,17.71,1.0635,expansion
2025-03-08,254.3,37.53,17.91,1.0642,expansion
2025-03-09,241.9,38.17,18.78,1.0648,expansion
2025-03-10,242.0,38.22,18.04,1.0655,expansion
2025-03-11,245.4,38.55,18.36,1.0662,expansion
2025-03-12,258.6,37.78,18.87,1.0668,expansion
2025-03-13,344.6,38.09,18.68,1.0675,expansion
2025-03-14,271.6,38.09,18.78,1.0681,expansion
2025-03-15,285.7,39.27,18.53,1.0688,expansion
2025-03-16,258.2,38.58,19.18,1.0695,expansion
2025-03-17,278.8,38.8,18.37,1.0701,expansion
2025-03-18,274.3,39.23,18.13,1.0708,expansion
2025-03-19,276.2,38.88,18.51,1.0714,expansion
2025-03-20,294.9,38.83,19.31,1.0721,expansion
2025-03-21,272.0,38.75,18.91,1.0727,expansion
2025-03-22,279.8,38.94,18.33,1.0734,expansion
2025-03-23,252.3,39.18,17.89,1.0741,expansion
2025-03-24,258.1,39.21,18.36,1.0747,expansion
2025-03-25,278.6,39.34,18.45,1.0754,expansion
2025-03-26,366.4,40.55,18.44,1.076,expansion
2025-03-27,275.6,39.05,18.17,1.0767,expansion
2025-03-28,257.3,38.84,17.85,1.0774,expansion
2025-03-29,299.4,40.2,17.94,1.078,expansion
2025-03-30,267.4,40.85,18.18,1.0787,expansion
2025-03-31,269.1,40.17,18.42,1.0793,expansion
2025-04-01,274.9,40.86,18.26,1.08,expansion
2025-04-02,331.6,41.42,17.82,1.0807,expansion
2025-04-03,327.5,40.61,17.78,1.0813,expansion
2025-04-04,267.0,40.98,18.16,1.082,expansion
2025-04-05,251.3,40.6,18.08,1.0826,expansion
2025-04-06,268.2,40.82,17.86,1.0833,expansion
2025-04-07,333.4,41.07,16.99,1.084,expansion
2025-04-08,317.9,41.76,17.21,1.0846,expansion
2025-04-09,336.8,42.26,17.82,1.0853,expansion
2025-04-10,308.2,41.98,17.91,1.0859,expansion
2025-04-11,312.9,41.3,17.69,1.0866,expansion
2025-04-12,216.5,41.45,17.56,1.0873,expansion
2025-04-13,266.4,41.75,17.51,1.0879,expansion
2025-04-14,269.8,42.03,17.62,1.0886,expansion
2025-04-15,295.1,42.39,17.06,1.0892,expansion
2025-04-16,390.6,41.42,17.29,1.0899,expansion
2025-04-17,251.6,41.7,17.69,1.0905,expansion
2025-04-18,343.8,43.19,17.44,1.0912,expansion
2025-04-19,303.0,42.57,17.49,1.0919,expansion
2025-04-20,298.0,42.57,17.56,1.0925,expansion
2025-04-21,231.1,41.68,17.7,1.0932,expansion
2025-04-22,310.7,42.92,17.46,1.0938,expansion
2025-04-23,297.7,42.68,17.34,1.0945,expansion
2025-04-24,321.9,41.66,17.8,1.0952,expansion
2025-04-25,320.3,41.76,17.23,1.0958,expansion
2025-04-26,316.6,42.68,17.75,1.0965,expansion
2025-04-27,267.4,41.66,17.42,1.0971,expansion
2025-04-28,307.6,42.58,18.22,1.0978,expansion
2025-04-29,319.8,41.96,18.66,1.0985,expansion
2025-04-30,371.4,42.51,17.65,1.0991,expansion
2025-05-01,368.9,42.56,18.33,1.0998,expansion
2025-05-02,305.1,42.96,17.96,1.1004,expansion
2025-05-03,267.5,41.03,17.97,1.1011,expansion
2025-05-04,287.8,41.1,18.06,1.1018,expansion
2025-05-05,274.8,41.67,18.36,1.1024,expansion
2025-05-06,325.0,42.48,18.48,1.1031,expansion
2025-05-07,367.4,41.76,18.12,1.1037,expansion
2025-05-08,342.6,40.7,18.18,1.1044,expansion
2025-05-09,393.1,41.73,18.74,1.1051,expansion
2025-05-10,334.6,41.1,18.85,1.1057,expansion
2025-05-11,304.3,41.65,18.14,1.1064,expansion
2025-05-12,298.5,40.28,18.38,1.107,expansion
2025-05-13,262.4,41.21,18.79,1.1077,expansion
2025-05-14,355.2,41.3,19.13,1.1084,expansion
2025-05-15,351.8,39.96,18.57,1.109,expansion
2025-05-16,280.6,40.4,18.65,1.1097,expansion
2025-05-17,321.2,40.41,18.22,1.1103,expansion
2025-05-18,318.7,40.15,18.79,1.111,expansion
2025-05-19,338.2,39.48,18.61,1.1116,expansion
2025-05-20,372.4,40.3,18.33,1.1123,expansion
2025-05-21,432.2,39.2,18.41,1.113,expansion
2025-05-22,443.2,39.59,19.05,1.1136,expansion
2025-05-23,313.0,39.67,18.8,1.1143,expansion
2025-05-24,329.5,39.49,18.76,1.1149,expansion
2025-05-25,316.8,39.5,17.98,1.1156,expansion
2025-05-26,301.9,38.17,17.84,1.1163,expansion
2025-05-27,301.5,37.84,17.68,1.1169,expansion
2025-05-28,405.4,39.02,18.3,1.1176,expansion
2025-05-29,421.2,39.0,17.7,1.1182,expansion
2025-05-30,333.7,39.47,17.69,1.1189,expansion
2025-05-31,367.8,38.57,18.31,1.1196,expansion
2025-06-01,297.3,38.56,17.35,1.1202,expansion
2025-06-02,342.0,37.83,18.01,1.1209,expansion
2025-06-03,381.9,38.76,17.44,1.1215,expansion
2025-06-04,401.2,39.26,17.79,1.1222,expansion
2025-06-05,469.9,38.31,18.42,1.1229,expansion
2025-06-06,415.2,38.74,17.78,1.1235,expansion
2025-06-07,360.3,39.11,17.56,1.1242,expansion
2025-06-08,348.0,39.13,17.54,1.1248,expansion
2025-06-09,437.9,39.02,17.5,1.1255,expansion
2025-06-10,432.2,39.1,17.39,1.1262,expansion
2025-06-11,373.5,36.91,17.02,1.1268,expansion
2025-06-12,375.8,37.72,17.25,1.1275,expansion
2025-06-13,547.1,38.92,17.92,1.1281,expansion
2025-06-14,444.0,37.95,17.88,1.1288,expansion
2025-06-15,394.7,39.37,17.7,1.1295,expansion
2025-06-16,482.8,38.68,17.51,1.1301,expansion
2025-06-17,480.9,38.26,17.72,1.1308,expansion
2025-06-18,479.9,39.6,17.63,1.1314,expansion
2025-06-19,494.0,38.94,17.76,1.1321,expansion
2025-06-20,482.6,38.89,18.07,1.1327,expansion
2025-06-21,502.7,39.89,18.01,1.1334,expansion
2025-06-22,525.6,39.52,17.57,1.1341,expansion
2025-06-23,435.3,39.15,17.45,1.1347,expansion
2025-06-24,390.5,39.34,17.14,1.1354,expansion
2025-06-25,534.0,39.2,17.58,1.136,expansion
2025-06-26,571.4,41.0,17.83,1.1367,expansion
2025-06-27,458.7,40.98,17.86,1.1374,expansion
2025-06-28,378.9,40.48,17.94,1.138,expansion
2025-06-29,392.5,40.25,18.13,1.1387,expansion
2025-06-30,485.5,40.99,18.36,1.1393,expansion
2025-07-01,339.1,40.78,17.65,1.14,expansion
2025-07-02,435.8,41.43,17.87,1.1407,expansion
2025-07-03,404.0,41.49,17.92,1.1413,expansion
2025-07-04,393.3,41.34,18.46,1.142,expansion
2025-07-05,375.0,41.3,18.85,1.1426,expansion
2025-07-06,362.1,41.89,18.41,1.1433,expansion
2025-07-07,306.7,41.71,18.52,1.144,expansion
2025-07-08,419.6,40.98,18.26,1.1446,expansion
2025-07-09,331.0,42.08,18.15,1.1453,expansion
2025-07-10,428.3,42.96,18.27,1.1459,expansion
2025-07-11,343.4,41.96,18.97,1.1466,expansion
2025-07-12,403.0,42.37,18.49,1.1473,expansion
2025-07-13,289.1,42.16,18.45,1.1479,expansion
2025-07-14,311.0,42.55,18.7,1.1486,expansion
2025-07-15,326.2,42.32,18.54,1.1492,expansion
2025-07-16,382.0,43.74,18.83,1.1499,expansion
2025-07-17,390.6,42.83,18.49,1.1505,expansion
2025-07-18,393.3,42.65,18.56,1.1512,expansion
2025-07-19,325.0,42.83,18.6,1.1519,expansion
2025-07-20,282.7,42.75,18.24,1.1525,expansion
2025-07-21,351.2,43.46,18.26,1.1532,expansion
2025-07-22,357.4,42.36,18.54,1.1538,expansion
2025-07-23,413.0,42.29,18.35,1.1545,expansion
2025-07-24,381.1,42.97,18.09,1.1552,expansion
2025-07-25,373.7,42.56,18.21,1.1558,expansion
2025-07-26,375.7,42.31,18.93,1.1565,expansion
2025-07-27,278.8,41.63,18.06,1.1571,expansion
2025-07-28,335.1,42.52,17.83,1.1578,expansion
2025-07-29,345.7,42.17,18.14,1.1585,expansion
2025-07-30,357.3,42.94,18.46,1.1591,expansion
2025-07-31,380.3,41.76,17.85,1.1598,expansion
2025-08-01,434.3,42.43,17.79,1.1604,expansion
2025-08-02,436.9,42.1,17.68,1.1611,expansion
2025-08-03,277.6,41.69,17.37,1.1618,expansion
2025-08-04,388.6,42.57,17.69,1.1624,expansion
2025-08-05,431.9,42.55,18.0,1.1631,expansion
2025-08-06,438.0,41.53,17.76,1.1637,expansion
2025-08-07,379.0,41.47,17.64,1.1644,expansion
2025-08-08,359.7,40.37,17.07,1.1651,expansion
2025-08-09,338.9,41.78,17.45,1.1657,expansion
2025-08-10,343.9,41.1,17.2,1.1664,expansion
2025-08-11,394.1,41.63,16.71,1.167,expansion
2025-08-12,346.5,40.69,17.33,1.1677,expansion
2025-08-13,406.8,41.06,17.69,1.1684,expansion
2025-08-14,438.9,40.87,17.22,1.169,expansion
2025-08-15,411.7,40.76,17.26,1.1697,expansion
2025-08-16,316.0,40.14,18.06,1.1703,expansion
2025-08-17,361.6,39.89,17.75,1.171,expansion
2025-08-18,331.1,39.52,17.95,1.1716,expansion
2025-08-19,365.6,40.07,18.0,1.1723,expansion
2025-08-20,373.2,39.41,17.83,1.173,expansion
2025-08-21,427.5,39.97,17.65,1.1736,expansion
2025-08-22,380.5,38.63,17.85,1.1743,expansion
2025-08-23,315.4,40.18,18.19,1.1749,expansion
2025-08-24,298.9,39.66,17.88,1.1756,expansion
2025-08-25,274.6,39.33,17.9,1.1763,expansion
2025-08-26,356.8,38.81,17.96,1.1769,expansion
2025-08-27,381.2,38.71,18.23,1.1776,expansion
2025-08-28,364.8,38.81,17.85,1.1782,expansion
2025-08-29,335.9,39.32,18.56,1.1789,expansion
2025-08-30,383.9,39.03,18.4,1.1796,expansion
2025-08-31,374.9,39.1,17.96,1.1802,expansion
2025-09-01,389.1,39.32,18.74,1.1809,expansion
2025-09-02,357.4,39.14,17.74,1.1815,expansion
2025-09-03,391.0,39.23,17.6,1.1822,expansion
2025-09-04,383.0,38.77,18.52,1.1829,expansion
2025-09-05,339.9,38.28,18.14,1.1835,expansion
2025-09-06,307.1,39.54,18.22,1.1842,expansion
2025-09-07,306.4,39.51,18.59,1.1848,expansion
2025-09-08,318.8,38.0,18.79,1.1855,expansion
2025-09-09,337.4,38.8,19.15,1.1862,expansion
2025-09-10,383.1,40.15,18.64,1.1868,expansion
2025-09-11,381.6,39.68,18.28,1.1875,expansion
2025-09-12,437.9,39.64,18.68,1.1881,expansion
2025-09-13,341.1,38.01,18.4,1.1888,expansion
2025-09-14,333.5,39.08,18.32,1.1895,expansion
2025-09-15,304.7,38.97,18.8,1.1901,expansion
2025-09-16,294.6,39.4,18.84,1.1908,expansion
2025-09-17,364.6,39.53,17.87,1.1914,expansion
2025-09-18,367.7,40.22,18.71,1.1921,expansion
2025-09-19,359.7,39.54,18.42,1.1927,expansion
2025-09-20,346.7,39.82,18.49,1.1934,expansion
2025-09-21,267.0,39.58,17.99,1.1941,expansion
2025-09-22,324.9,39.44,17.92,1.1947,expansion
2025-09-23,333.5,40.52,18.05,1.1954,expansion
2025-09-24,370.3,41.03,18.31,1.196,expansion
2025-09-25,336.5,40.6,18.04,1.1967,expansion
2025-09-26,350.8,41.48,17.93,1.1974,expansion
2025-09-27,306.3,40.69,18.26,1.198,expansion
2025-09-28,290.5,41.32,17.69,1.1987,expansion
2025-09-29,263.9,40.15,17.3,1.1993,expansion
2025-09-30,311.6,41.52,17.97,1.2,expansion
2025-10-01,451.4,42.38,17.42,1.2007,expansion
2025-10-02,331.7,41.25,17.79,1.2013,expansion
2025-10-03,363.0,42.0,18.02,1.202,expansion
2025-10-04,308.8,42.09,17.39,1.2026,expansion
2025-10-05,209.1,41.85,17.44,1.2033,expansion
2025-10-06,398.1,42.25,17.16,1.204,expansion
2025-10-07,309.7,42.14,17.52,1.2046,expansion
2025-10-08,308.4,41.98,17.29,1.2053,expansion
2025-10-09,387.6,42.44,16.95,1.2059,expansion
2025-10-10,369.5,42.4,17.41,1.2066,expansion
2025-10-11,279.3,42.69,17.77,1.2073,expansion
2025-10-12,232.9,41.56,17.09,1.2079,expansion
2025-10-13,253.8,42.58,17.54,1.2086,expansion
2025-10-14,329.7,43.4,17.27,1.2092,expansion
2025-10-15,342.0,43.24,16.94,1.2099,expansion
2025-10-16,377.3,43.56,17.93,1.2105,expansion
2025-10-17,310.6,42.94,17.67,1.2112,expansion
2025-10-18,285.0,43.53,17.6,1.2119,expansion
2025-10-19,292.5,43.85,17.37,1.2125,expansion
2025-10-20,255.4,42.78,17.08,1.2132,expansion
2025-10-21,316.9,42.97,17.94,1.2138,expansion
2025-10-22,376.0,44.53,17.51,1.2145,expansion
2025-10-23,337.1,42.74,18.31,1.2152,expansion
2025-10-24,298.6,41.97,17.6,1.2158,expansion
2025-10-25,287.3,43.7,17.76,1.2165,expansion
2025-10-26,224.1,42.92,17.87,1.2171,expansion
2025-10-27,288.0,42.01,17.89,1.2178,expansion
2025-10-28,308.5,42.05,18.15,1.2185,expansion
2025-10-29,295.0,42.81,18.05,1.2191,expansion
2025-10-30,328.4,41.81,18.17,1.2198,expansion
2025-10-31,444.0,42.03,18.0,1.2204,expansion
2025-11-01,386.4,41.58,18.67,1.2211,expansion
2025-11-02,389.2,42.27,18.29,1.2218,expansion
2025-11-03,362.9,42.08,18.21,1.2224,expansion
2025-11-04,392.2,41.06,18.37,1.2231,expansion
2025-11-05,490.8,42.64,18.09,1.2237,expansion
2025-11-06,456.9,41.22,18.28,1.2244,expansion
2025-11-07,407.9,41.37,18.5,1.2251,expansion
2025-11-08,456.4,42.54,18.53,1.2257,expansion
2025-11-09,355.4,41.22,19.0,1.2264,expansion
2025-11-10,359.8,40.9,18.46,1.227,expansion
2025-11-11,412.0,40.74,18.59,1.2277,expansion
2025-11-12,443.8,41.32,18.19,1.2284,expansion
2025-11-13,402.2,40.46,18.84,1.229,expansion
2025-11-14,378.7,39.59,18.38,1.2297,expansion
2025-11-15,349.9,39.81,19.03,1.2303,expansion
2025-11-16,367.4,40.02,17.89,1.231,expansion
2025-11-17,403.0,40.13,18.81,1.2316,expansion
2025-11-18,407.7,39.27,18.29,1.2323,expansion
2025-11-19,414.7,40.04,18.25,1.233,expansion
2025-11-20,282.3,39.6,17.94,1.2336,expansion
2025-11-21,278.7,39.19,18.42,1.2343,expansion
2025-11-22,217.7,39.49,18.55,1.2349,expansion
2025-11-23,286.5,40.52,17.74,1.2356,expansion
2025-11-24,276.5,39.26,18.16,1.2363,expansion
2025-11-25,286.2,39.29,17.82,1.2369,expansion
2025-11-26,240.6,39.74,18.07,1.2376,expansion
2025-11-27,299.2,39.13,18.02,1.2382,expansion
2025-11-28,235.9,39.42,17.51,1.2389,expansion
2025-11-29,284.5,39.35,17.27,1.2396,expansion
2025-11-30,183.3,38.42,17.72,1.2402,expansion
2025-12-01,217.1,39.35,17.96,1.2409,expansion
2025-12-02,267.7,38.71,17.33,1.2415,expansion
2025-12-03,243.4,38.84,17.63,1.2422,expansion
2025-12-04,219.5,39.02,17.79,1.2429,expansion
2025-12-05,235.3,38.46,17.38,1.2435,expansion
2025-12-06,271.1,39.47,17.19,1.2442,expansion
2025-12-07,217.8,39.54,17.41,1.2448,expansion
2025-12-08,237.3,40.33,17.74,1.2455,expansion
2025-12-09,261.2,38.95,17.48,1.2462,expansion
2025-12-10,278.3,39.1,17.87,1.2468,expansion
2025-12-11,348.4,40.23,17.1,1.2475,expansion
2025-12-12,277.2,38.54,18.2,1.2481,expansion
2025-12-13,235.6,39.2,17.59,1.2488,expansion
2025-12-14,232.7,40.39,17.29,1.2495,expansion
2025-12-15,258.8,39.29,17.94,1.2501,expansion
2025-12-16,267.7,41.06,17.41,1.2508,expansion
2025-12-17,246.6,39.7,17.37,1.2514,expansion
2025-12-18,286.3,39.5,17.46,1.2521,expansion
2025-12-19,255.7,40.21,16.87,1.2527,expansion
2025-12-20,212.8,40.33,17.9,1.2534,expansion
2025-12-21,244.1,40.19,17.67,1.2541,expansion
2025-12-22,257.1,40.35,17.64,1.2547,expansion
2025-12-23,231.4,40.81,17.5,1.2554,expansion
2025-12-24,264.8,40.64,18.32,1.256,expansion
2025-12-25,261.1,40.52,17.9,1.2567,expansion
2025-12-26,266.5,41.18,17.85,1.2574,expansion
2025-12-27,236.5,41.26,18.27,1.258,expansion
2025-12-28,189.0,40.64,17.91,1.2587,expansion
2025-12-29,243.3,41.77,17.97,1.2593,expansion
2025-12-30,250.2,41.69,18.44,1.26,expansion
2025-12-31,304.6,40.06,18.95,1.26,peak
2026-01-01,324.1,40.47,18.44,1.2596,peak
2026-01-02,306.7,40.68,18.31,1.2592,peak
2026-01-03,238.2,40.63,18.44,1.2588,peak
2026-01-04,227.2,39.23,19.12,1.2585,peak
2026-01-05,241.5,40.16,18.96,1.2581,peak
2026-01-06,260.6,40.86,18.82,1.2577,peak
2026-01-07,261.6,41.35,18.53,1.2573,peak
2026-01-08,329.1,40.54,18.75,1.2569,peak
2026-01-09,308.5,40.78,18.96,1.2565,peak
2026-01-10,296.7,42.15,19.16,1.2562,peak
2026-01-11,227.8,40.11,18.87,1.2558,peak
2026-01-12,222.2,41.32,19.44,1.2554,peak
2026-01-13,276.3,41.23,18.96,1.255,peak
2026-01-14,275.7,41.45,19.43,1.2546,peak
2026-01-15,288.8,41.55,18.61,1.2542,peak
2026-01-16,256.8,42.12,19.24,1.2538,peak
2026-01-17,258.1,42.33,18.93,1.2535,peak
2026-01-18,203.3,43.45,18.4,1.2531,peak
2026-01-19,225.6,42.84,19.22,1.2527,peak
2026-01-20,259.1,41.94,18.8,1.2523,peak
2026-01-21,237.1,42.12,19.28,1.2519,peak
2026-01-22,257.2,42.53,18.55,1.2515,peak
2026-01-23,293.7,43.34,18.86,1.2512,peak
2026-01-24,261.8,41.9,18.95,1.2508,peak
2026-01-25,231.8,42.18,18.29,1.2504,peak
2026-01-26,231.4,41.85,18.65,1.25,peak
2026-01-27,261.5,42.5,18.87,1.2496,peak
2026-01-28,246.9,41.18,18.39,1.2492,peak
2026-01-29,201.5,41.88,18.39,1.2488,peak
2026-01-30,213.8,41.07,18.8,1.2485,peak
2026-01-31,228.6,41.8,19.35,1.2481,peak
2026-02-01,179.4,41.98,18.23,1.2477,peak
2026-02-02,204.5,41.29,18.53,1.2473,peak
2026-02-03,158.9,41.28,18.13,1.2469,peak
2026-02-04,227.0,41.86,18.76,1.2465,peak
2026-02-05,192.1,41.13,18.07,1.2462,peak
2026-02-06,191.5,41.35,18.27,1.2458,peak
2026-02-07,235.7,40.82,18.53,1.2454,peak
2026-02-08,167.8,40.35,17.8,1.245,peak
2026-02-09,170.3,40.48,18.27,1.2446,peak
2026-02-10,152.6,41.61,17.98,1.2442,peak
2026-02-11,145.9,40.28,17.52,1.2438,peak
2026-02-12,309.6,40.31,17.85,1.2435,peak
2026-02-13,270.3,40.75,18.03,1.2431,peak
2026-02-14,306.2,40.2,17.86,1.2427,peak
2026-02-15,331.7,40.14,18.3,1.2423,peak
2026-02-16,245.4,40.88,17.92,1.2419,peak
2026-02-17,232.4,40.06,18.12,1.2415,peak
2026-02-18,297.6,39.05,18.22,1.2412,peak
2026-02-19,356.6,39.67,18.75,1.2408,peak
2026-02-20,310.3,38.9,18.33,1.2404,peak
2026-02-21,287.3,38.9,17.92,1.24,peak
2026-02-22,331.0,39.49,18.68,1.2396,peak
2026-02-23,293.9,38.87,18.28,1.2392,peak
2026-02-24,286.2,38.58,18.36,1.2388,peak
2026-02-25,250.8,38.34,17.96,1.2385,peak
2026-02-26,305.1,38.6,18.29,1.2381,peak
2026-02-27,340.1,38.3,18.51,1.2377,peak
2026-02-28,278.2,38.84,18.0,1.2373,peak
2026-03-01,258.0,38.38,18.43,1.2369,peak
2026-03-02,244.1,38.13,18.6,1.2365,peak
2026-03-03,245.9,39.7,18.42,1.2362,peak
2026-03-04,290.6,38.27,19.14,1.2358,peak
2026-03-05,324.6,37.71,19.26,1.2354,peak
2026-03-06,344.8,37.42,18.38,1.235,peak
2026-03-07,264.5,37.45,18.24,1.2346,peak
2026-03-08,294.4,37.32,18.45,1.2342,peak
2026-03-09,296.8,37.96,19.34,1.2338,peak
2026-03-10,267.0,38.0,18.58,1.2335,peak
2026-03-11,274.5,38.33,18.91,1.2331,peak
2026-03-12,328.9,37.56,19.44,1.2327,peak
2026-03-13,416.8,37.87,19.24,1.2323,peak
2026-03-14,333.3,37.86,19.34,1.2319,peak
2026-03-15,309.3,39.03,19.09,1.2315,peak
2026-03-16,323.4,38.34,19.76,1.2312,peak
2026-03-17,309.5,38.56,18.92,1.2308,peak
2026-03-18,287.1,38.98,18.67,1.2304,peak
2026-03-19,315.7,38.63,19.07,1.23,peak
2026-03-20,380.1,38.58,19.89,1.2296,peak
2026-03-21,338.0,38.5,19.48,1.2292,peak
2026-03-22,320.7,38.68,18.88,1.2288,peak
2026-03-23,270.9,38.92,18.43,1.2285,peak
2026-03-24,298.5,38.94,18.91,1.2281,peak
2026-03-25,327.7,39.07,19.0,1.2277,peak
2026-03-26,396.9,40.27,18.99,1.2273,peak
2026-03-27,329.8,38.78,18.72,1.2269,peak
2026-03-28,305.3,38.56,18.39,1.2265,peak
2026-03-29,328.3,39.91,18.48,1.2262,peak
2026-03-30,292.4,40.55,18.73,1.2258,peak
2026-03-31,326.8,39.87,18.97,1.2254,peak
2026-04-01,314.4,40.56,18.81,1.225,peak
2026-04-02,348.2,41.11,18.35,1.2246,peak
2026-04-03,371.0,40.3,18.31,1.2242,peak
2026-04-04,314.1,40.66,18.7,1.2238,peak
2026-04-05,306.5,40.28,18.62,1.2235,peak
2026-04-06,316.9,40.5,18.4,1.2231,peak
2026-04-07,349.0,40.74,17.5,1.2227,peak
2026-04-08,328.8,41.43,17.73,1.2223,peak
2026-04-09,367.9,41.92,18.35,1.2219,peak
2026-04-10,353.1,41.64,18.45,1.2215,peak
2026-04-11,370.9,40.96,18.22,1.2212,peak
2026-04-12,251.8,41.1,18.09,1.2208,peak
2026-04-13,303.1,41.4,18.04,1.2204,peak
2026-04-14,306.7,41.67,18.15,1.22,peak
2026-04-15,304.4,42.03,17.57,1.2196,peak
2026-04-16,450.8,41.06,17.81,1.2192,peak
2026-04-17,299.9,41.34,18.22,1.2188,peak
2026-04-18,353.0,42.81,17.96,1.2185,peak
2026-04-19,329.3,42.19,18.01,1.2181,peak
2026-04-20,325.9,42.19,18.09,1.2177,peak
2026-04-21,275.8,41.3,18.23,1.2173,peak
2026-04-22,324.2,42.53,17.98,1.2169,peak
2026-04-23,309.7,42.29,17.86,1.2165,peak
2026-04-24,383.2,41.27,18.33,1.2162,peak
2026-04-25,347.9,41.37,17.75,1.2158,peak
2026-04-26,339.3,42.28,18.28,1.2154,peak
2026-04-27,294.3,41.26,17.94,1.215,peak
2026-04-28,346.3,42.17,18.77,1.2146,peak
2026-04-29,396.7,41.55,19.22,1.2142,peak
2026-04-30,380.6,42.09,18.18,1.2138,peak
2026-05-01,406.5,42.14,18.88,1.2135,peak
2026-05-02,305.7,42.53,18.5,1.2131,peak
2026-05-03,308.0,40.62,18.51,1.2127,peak
2026-05-04,329.2,40.68,18.6,1.2123,peak
2026-05-05,307.3,41.25,18.91,1.2119,peak
2026-05-06,341.5,42.04,19.03,1.2115,peak
2026-05-07,383.4,41.33,18.66,1.2112,peak
2026-05-08,386.2,40.28,18.73,1.2108,peak
2026-05-09,433.4,41.29,19.3,1.2104,peak
2026-05-10,387.7,40.66,19.42,1.21,peak
2026-05-11,302.4,41.21,18.68,1.2096,peak
2026-05-12,336.7,39.85,18.93,1.2092,peak
2026-05-13,286.9,40.76,19.35,1.2088,peak
2026-05-14,397.9,40.85,19.7,1.2085,peak
2026-05-15,402.1,39.52,19.13,1.2081,peak
2026-05-16,309.4,39.95,19.21,1.2077,peak
2026-05-17,330.6,39.96,18.77,1.2073,peak
2026-05-18,357.4,39.7,19.35,1.2069,peak
2026-05-19,387.2,39.03,19.17,1.2065,peak
2026-05-20,381.8,39.84,18.88,1.2062,peak
2026-05-21,485.3,38.75,18.96,1.2058,peak
2026-05-22,522.2,39.13,19.62,1.2054,peak
2026-05-23,352.4,39.21,19.36,1.205,peak
2026-05-24,372.7,39.03,19.32,1.2046,peak
2026-05-25,321.7,39.03,18.52,1.2042,peak
2026-05-26,333.0,37.72,18.38,1.2038,peak
2026-05-27,333.8,37.39,18.21,1.2035,peak
2026-05-28,443.4,38.55,18.85,1.2031,peak
2026-05-29,426.1,38.53,18.23,1.2027,peak
2026-05-30,324.8,38.99,18.22,1.2023,peak
2026-05-31,417.4,38.1,18.86,1.2019,peak
2026-06-01,297.9,38.08,17.87,1.2015,peak
2026-06-02,397.2,37.36,18.55,1.2012,peak
2026-06-03,383.1,38.27,17.96,1.2008,peak
2026-06-04,406.9,38.76,18.32,1.2004,peak
2026-06-05,560.9,37.82,18.97,1.2,peak
2026-06-06,441.2,38.25,18.31,1.1996,peak
2026-06-07,362.6,38.61,18.09,1.1992,peak
2026-06-08,350.5,38.62,18.07,1.1988,peak
2026-06-09,444.9,38.51,18.03,1.1985,peak
2026-06-10,431.6,38.59,17.91,1.1981,peak
2026-06-11,424.7,36.42,17.53,1.1977,peak
2026-06-12,415.2,37.22,17.77,1.1973,peak
2026-06-13,604.0,38.4,18.46,1.1969,peak
2026-06-14,529.2,37.44,18.42,1.1965,peak
2026-06-15,412.2,38.84,18.23,1.1962,peak
2026-06-16,521.8,38.15,18.04,1.1958,peak
2026-06-17,555.2,37.74,18.25,1.1954,peak
2026-06-18,494.4,39.06,18.16,1.195,peak
2026-06-19,548.1,38.4,18.29,1.1946,peak
2026-06-20,562.9,38.35,18.61,1.1942,peak
2026-06-21,540.3,39.33,18.55,1.1938,peak
2026-06-22,550.6,38.96,18.1,1.1935,peak
2026-06-23,463.9,38.6,17.97,1.1931,peak
2026-06-24,394.4,38.78,17.65,1.1927,peak
2026-06-25,581.4,38.64,18.11,1.1923,peak
2026-06-26,559.5,40.41,18.36,1.1919,peak
2026-06-27,453.6,40.39,18.4,1.1915,peak
2026-06-28,395.5,39.89,18.48,1.1912,peak
2026-06-29,429.3,39.66,18.67,1.1908,peak
2026-06-30,518.4,40.39,18.91,1.1904,peak
2026-07-01,335.9,40.18,18.18,1.19,peak
2026-07-02,423.7,40.81,18.41,1.1896,peak
2026-07-03,394.9,40.87,18.46,1.1892,peak
2026-07-04,420.2,40.72,19.01,1.1888,peak
2026-07-05,424.5,40.68,19.42,1.1885,peak
2026-07-06,370.7,41.25,18.96,1.1881,peak
2026-07-07,324.5,41.07,19.08,1.1877,peak
2026-07-08,456.3,40.35,18.81,1.1873,peak
2026-07-09,326.5,41.43,18.69,1.1869,peak
2026-07-10,402.2,42.29,18.82,1.1865,peak
2026-07-11,384.8,41.31,19.54,1.1862,peak
2026-07-12,411.9,41.71,19.04,1.1858,peak
2026-07-13,300.3,41.5,19.0,1.1854,peak
2026-07-14,325.7,41.88,19.26,1.185,peak
2026-07-15,342.0,41.65,19.1,1.1846,peak
2026-07-16,374.0,43.04,19.39,1.1842,peak
2026-07-17,394.9,42.14,19.04,1.1838,peak
2026-07-18,409.0,41.96,19.12,1.1835,peak
2026-07-19,336.8,42.14,19.16,1.1831,peak
2026-07-20,282.4,42.05,18.79,1.1827,peak
2026-07-21,334.4,42.75,18.81,1.1823,peak
2026-07-22,386.5,41.66,19.1,1.1819,peak
2026-07-23,439.3,41.59,18.9,1.1815,peak
2026-07-24,373.0,42.26,18.63,1.1812,peak
2026-07-25,385.2,41.85,18.76,1.1808,peak
2026-07-26,435.5,41.6,19.5,1.1804,peak
2026-07-27,304.5,40.93,18.6,1.18,peak
2026-07-28,331.5,41.8,18.36,1.1796,peak
2026-07-29,366.7,41.45,18.68,1.1792,peak
2026-07-30,372.2,42.21,19.01,1.1788,peak
2026-07-31,401.0,41.04,18.39,1.1785,peak
2026-08-01,429.9,41.7,18.32,1.1781,peak
2026-08-02,436.8,41.37,18.21,1.1777,peak
2026-08-03,274.6,40.96,17.89,1.1773,peak
2026-08-04,372.4,41.83,18.22,1.1769,peak
2026-08-05,430.5,41.8,18.54,1.1765,peak
2026-08-06,455.7,40.8,18.29,1.1762,peak
2026-08-07,387.6,40.73,18.17,1.1758,peak
2026-08-08,368.7,39.65,17.58,1.1754,peak
2026-08-09,324.4,41.03,17.97,1.175,peak
2026-08-10,333.0,40.36,17.72,1.1746,peak
2026-08-11,339.7,40.88,17.21,1.1742,peak
2026-08-12,345.6,39.95,17.85,1.1738,peak
2026-08-13,408.8,40.31,18.22,1.1735,peak
2026-08-14,415.6,40.12,17.74,1.1731,peak
2026-08-15,390.1,40.01,17.78,1.1727,peak
2026-08-16,345.0,39.4,18.6,1.1723,peak
2026-08-17,381.0,39.15,18.28,1.1719,peak
2026-08-18,363.8,38.78,18.49,1.1715,peak
2026-08-19,381.5,39.32,18.54,1.1712,peak
2026-08-20,394.9,38.67,18.36,1.1708,peak
2026-08-21,416.1,39.22,18.18,1.1704,peak
2026-08-22,416.3,37.9,18.39,1.17,peak
2026-08-23,314.8,39.42,18.74,1.1696,peak
2026-08-24,293.6,38.9,18.42,1.1692,peak
2026-08-25,273.3,38.58,18.44,1.1688,peak
2026-08-26,368.0,38.06,18.5,1.1685,peak
2026-08-27,404.7,37.96,18.78,1.1681,peak
2026-08-28,360.4,38.06,18.39,1.1677,peak
2026-08-29,346.1,38.55,19.12,1.1673,peak
2026-08-30,390.8,38.27,18.95,1.1669,peak
2026-08-31,354.6,38.33,18.5,1.1665,peak
2026-09-01,397.2,38.54,19.3,1.1662,peak
2026-09-02,320.6,38.37,18.27,1.1658,peak
2026-09-03,339.1,38.45,18.13,1.1654,peak
2026-09-04,386.6,38.0,19.08,1.165,peak
2026-09-05,337.4,37.51,18.68,1.1646,peak
2026-09-06,277.9,38.74,18.77,1.1642,peak
2026-09-07,291.2,38.71,19.15,1.1638,peak
2026-09-08,349.4,37.23,19.35,1.1635,peak
2026-09-09,364.6,38.01,19.72,1.1631,peak
2026-09-10,348.1,39.33,19.2,1.1627,peak
2026-09-11,344.1,38.87,18.83,1.1623,peak
2026-09-12,419.5,38.82,19.24,1.1619,peak
2026-09-13,359.8,37.22,18.95,1.1615,peak
2026-09-14,322.5,38.27,18.87,1.1612,peak
2026-09-15,319.4,38.16,19.36,1.1608,peak
2026-09-16,302.9,38.58,19.41,1.1604,peak
2026-09-17,329.8,38.7,18.41,1.16,peak
2026-09-18,356.9,39.37,19.27,1.1596,peak
2026-09-19,358.5,38.7,18.97,1.1592,peak
2026-09-20,345.9,38.98,19.04,1.1588,peak
2026-09-21,257.8,38.74,18.53,1.1585,peak
2026-09-22,319.5,38.6,18.46,1.1581,peak
2026-09-23,311.4,39.65,18.59,1.1577,peak
2026-09-24,349.6,40.15,18.86,1.1573,peak
2026-09-25,322.7,39.72,18.58,1.1569,peak
2026-09-26,314.7,40.58,18.47,1.1565,peak
2026-09-27,311.0,39.8,18.81,1.1562,peak
2026-09-28,264.8,40.42,18.22,1.1558,peak
2026-09-29,254.6,39.27,17.82,1.1554,peak
2026-09-30,300.3,40.61,18.51,1.155,peak
2026-10-01,384.8,41.44,17.94,1.1546,peak
2026-10-02,329.2,40.34,18.32,1.1542,peak
2026-10-03,356.0,41.07,18.56,1.1538,peak
2026-10-04,280.7,41.15,17.91,1.1535,peak
2026-10-05,197.6,40.91,17.96,1.1531,peak
2026-10-06,356.2,41.3,17.67,1.1527,peak
2026-10-07,296.7,41.19,18.05,1.1523,peak
2026-10-08,293.0,41.03,17.81,1.1519,peak
2026-10-09,342.9,41.48,17.46,1.1515,peak
2026-10-10,351.8,41.43,17.93,1.1512,peak
2026-10-11,274.8,41.71,18.3,1.1508,peak
2026-10-12,229.7,40.61,17.6,1.1504,peak
2026-10-13,246.7,41.6,18.07,1.15,peak
2026-10-14,290.7,42.4,17.79,1.1496,peak
2026-10-15,292.4,42.24,17.45,1.1492,peak
2026-10-16,359.0,42.55,18.47,1.1488,peak
2026-10-17,299.4,41.94,18.2,1.1485,peak
2026-10-18,259.2,42.51,18.13,1.1481,peak
2026-10-19,250.3,42.82,17.89,1.1477,peak
2026-10-20,227.5,41.77,17.59,1.1473,peak
2026-10-21,310.2,41.95,18.48,1.1469,peak
2026-10-22,304.9,43.47,18.04,1.1465,peak
2026-10-23,346.8,41.72,18.86,1.1462,peak
2026-10-24,293.4,40.97,18.13,1.1458,peak
2026-10-25,249.2,42.65,18.29,1.1454,peak
2026-10-26,207.2,41.89,18.41,1.145,peak
2026-10-27,283.0,41.0,18.43,1.1446,peak
2026-10-28,308.5,41.03,18.69,1.1442,peak
2026-10-29,270.6,41.77,18.59,1.1438,peak
2026-10-30,326.0,40.79,18.72,1.1435,peak
2026-10-31,417.5,41.0,18.54,1.1431,peak
2026-11-01,405.3,40.56,19.23,1.1427,peak
2026-11-02,362.2,41.23,18.84,1.1423,peak
2026-11-03,333.9,41.04,18.76,1.1419,peak
2026-11-04,393.5,40.04,18.92,1.1415,peak
2026-11-05,412.6,41.58,18.63,1.1412,peak
2026-11-06,434.1,40.19,18.83,1.1408,peak
2026-11-07,388.5,40.34,19.06,1.1404,peak
2026-11-08,393.0,41.47,19.09,1.14,peak
2026-11-09,356.2,40.18,19.57,1.1396,peak
2026-11-10,339.6,39.87,19.01,1.1392,peak
2026-11-11,395.6,39.71,19.15,1.1388,peak
2026-11-12,381.8,40.27,18.74,1.1385,peak
2026-11-13,399.6,39.43,19.41,1.1381,peak
2026-11-14,374.9,38.58,18.93,1.1377,peak
2026-11-15,368.3,38.79,19.6,1.1373,peak
2026-11-16,323.9,38.99,18.43,1.1369,peak
2026-11-17,395.3,39.1,19.37,1.1365,peak
2026-11-18,396.8,38.25,18.84,1.1362,peak
2026-11-19,375.9,39.0,18.8,1.1358,peak
2026-11-20,252.8,38.57,18.48,1.1354,peak
2026-11-21,273.6,38.17,18.97,1.135,peak
2026-11-22,211.9,38.46,19.11,1.1346,peak
2026-11-23,230.8,39.46,18.27,1.1342,peak
2026-11-24,259.3,38.23,18.7,1.1338,peak
2026-11-25,256.0,38.25,18.35,1.1335,peak
2026-11-26,215.0,38.69,18.61,1.1331,peak
2026-11-27,278.6,38.09,18.56,1.1327,peak
2026-11-28,201.0,38.37,18.04,1.1323,peak
2026-11-29,236.8,38.3,17.79,1.1319,peak
2026-11-30,174.7,37.39,18.25,1.1315,peak
2026-12-01,199.4,38.29,18.5,1.1312,peak
2026-12-02,238.1,37.67,17.85,1.1308,peak
2026-12-03,224.2,37.79,18.16,1.1304,peak
2026-12-04,204.6,37.96,18.32,1.13,peak
2026-12-05,218.0,37.41,17.9,1.1296,peak
2026-12-06,227.2,38.39,17.71,1.1292,peak
2026-12-07,187.7,38.46,17.93,1.1288,peak
2026-12-08,202.2,39.22,18.27,1.1285,peak
2026-12-09,240.8,37.88,18.0,1.1281,peak
2026-12-10,268.2,38.02,18.41,1.1277,peak
2026-12-11,278.8,39.12,17.61,1.1273,peak
2026-12-12,294.3,37.47,18.75,1.1269,peak
2026-12-13,220.2,38.11,18.12,1.1265,peak
2026-12-14,191.5,39.26,17.81,1.1262,peak
2026-12-15,254.3,38.19,18.48,1.1258,peak
2026-12-16,214.4,39.91,17.93,1.1254,peak
2026-12-17,219.3,38.58,17.89,1.125,peak
2026-12-18,262.9,38.39,17.98,1.1246,peak
2026-12-19,206.2,39.07,17.38,1.1242,peak
2026-12-20,195.8,39.19,18.44,1.1238,peak
2026-12-21,221.2,39.05,18.2,1.1235,peak
2026-12-22,229.8,39.2,18.17,1.1231,peak
2026-12-23,196.7,39.64,18.03,1.1227,peak
2026-12-24,255.2,39.48,18.87,1.1223,peak
2026-12-25,241.3,39.36,18.44,1.1219,peak
2026-12-26,233.2,39.99,18.39,1.1215,peak
2026-12-27,218.1,40.07,18.82,1.1212,peak
2026-12-28,175.1,39.46,18.45,1.1208,peak
2026-12-29,208.7,40.56,18.51,1.1204,peak
2026-12-30,230.9,40.48,18.99,1.12,peak
2026-12-31,263.1,37.66,19.87,1.12,recession
2027-01-01,300.0,38.04,19.33,1.1188,recession
2027-01-02,290.5,38.23,19.2,1.1177,recession
2027-01-03,217.8,38.18,19.33,1.1165,recession
2027-01-04,184.3,36.86,20.04,1.1154,recession
2027-01-05,208.2,37.73,19.88,1.1142,recession
2027-01-06,247.7,38.38,19.73,1.1131,recession
2027-01-07,238.8,38.84,19.43,1.1119,recession
2027-01-08,309.1,38.07,19.66,1.1108,recession
2027-01-09,264.3,38.29,19.88,1.1096,recession
2027-01-10,258.5,39.57,20.09,1.1085,recession
2027-01-11,198.4,37.65,19.79,1.1073,recession
2027-01-12,187.1,38.79,20.38,1.1062,recession
2027-01-13,240.5,38.7,19.88,1.105,recession
2027-01-14,215.2,38.9,20.37,1.1038,recession
2027-01-15,265.1,38.99,19.52,1.1027,recession
2027-01-16,228.0,39.52,20.17,1.1015,recession
2027-01-17,223.5,39.71,19.85,1.1004,recession
2027-01-18,189.1,40.76,19.29,1.0992,recession
2027-01-19,188.6,40.18,20.15,1.0981,recession
2027-01-20,227.9,39.33,19.71,1.0969,recession
2027-01-21,205.1,39.5,20.22,1.0958,recession
2027-01-22,236.9,39.88,19.45,1.0946,recession
2027-01-23,254.6,40.63,19.77,1.0935,recession
2027-01-24,215.1,39.28,19.87,1.0923,recession
2027-01-25,228.1,39.53,19.18,1.0912,recession
2027-01-26,202.8,39.22,19.56,1.09,recession
2027-01-27,219.5,39.82,19.79,1.0888,recession
2027-01-28,211.0,38.58,19.28,1.0877,recession
2027-01-29,184.1,39.23,19.28,1.0865,recession
2027-01-30,181.1,38.47,19.71,1.0854,recession
2027-01-31,177.2,39.15,20.29,1.0842,recession
2027-02-01,149.7,39.31,19.12,1.0831,recession
2027-02-02,163.3,38.66,19.43,1.0819,recession
2027-02-03,139.3,38.65,19.01,1.0808,recession
2027-02-04,201.9,39.19,19.67,1.0796,recession
2027-02-05,169.1,38.5,18.94,1.0785,recession
2027-02-06,169.1,38.7,19.16,1.0773,recession
2027-02-07,209.3,38.2,19.43,1.0762,recession
2027-02-08,159.9,37.76,18.66,1.075,recession
2027-02-09,144.6,37.87,19.16,1.0738,recession
2027-02-10,123.6,38.93,18.86,1.0727,recession
2027-02-11,136.0,37.68,18.37,1.0715,recession
2027-02-12,280.6,37.7,18.72,1.0704,recession
2027-02-13,236.4,38.11,18.9,1.0692,recession
2027-02-14,264.0,37.59,18.73,1.0681,recession
2027-02-15,261.0,37.53,19.19,1.0669,recession
2027-02-16,218.8,38.22,18.79,1.0658,recession
2027-02-17,206.9,37.45,19.0,1.0646,recession
2027-02-18,250.3,36.5,19.11,1.0635,recession
2027-02-19,278.3,37.07,19.66,1.0623,recession
2027-02-20,262.0,36.35,19.22,1.0612,recession
2027-02-21,239.5,36.34,18.79,1.06,recession
2027-02-22,258.5,36.89,19.59,1.0588,recession
2027-02-23,248.4,36.31,19.17,1.0577,recession
2027-02-24,228.3,36.03,19.26,1.0565,recession
2027-02-25,230.6,35.8,18.84,1.0554,recession
2027-02-26,263.3,36.04,19.18,1.0542,recession
2027-02-27,294.2,35.76,19.41,1.0531,recession
2027-02-28,237.1,36.26,18.88,1.0519,recession
2027-03-01,224.9,35.82,19.32,1.0508,recession
2027-03-02,199.5,35.59,19.5,1.0496,recession
2027-03-03,217.5,37.05,19.31,1.0485,recession
2027-03-04,223.6,35.71,20.07,1.0473,recession
2027-03-05,260.0,35.18,20.2,1.0462,recession
2027-03-06,339.3,34.91,19.27,1.045,recession
2027-03-07,234.1,34.93,19.13,1.0438,recession
2027-03-08,266.7,34.81,19.34,1.0427,recession
2027-03-09,241.4,35.4,20.28,1.0415,recession
2027-03-10,247.2,35.43,19.48,1.0404,recession
2027-03-11,240.6,35.74,19.83,1.0392,recession
2027-03-12,270.7,35.01,20.38,1.0381,recession
2027-03-13,323.5,35.3,20.17,1.0369,recession
2027-03-14,264.7,35.28,20.28,1.0358,recession
2027-03-15,245.3,36.37,20.01,1.0346,recession
2027-03-16,237.8,35.72,20.71,1.0335,recession
2027-03-17,279.0,35.92,19.84,1.0323,recession
2027-03-18,250.5,36.31,19.58,1.0312,recession
2027-03-19,251.3,35.98,19.99,1.03,recession
2027-03-20,280.4,35.93,20.85,1.0288,recession
2027-03-21,276.1,35.85,20.42,1.0277,recession
2027-03-22,261.7,36.01,19.8,1.0265,recession
2027-03-23,238.1,36.23,19.32,1.0254,recession
2027-03-24,239.5,36.25,19.83,1.0242,recession
2027-03-25,257.5,36.37,19.93,1.0231,recession
2027-03-26,328.3,37.48,19.92,1.0219,recession
2027-03-27,290.7,36.09,19.62,1.0208,recession
2027-03-28,257.5,35.88,19.28,1.0196,recession
2027-03-29,297.6,37.13,19.38,1.0185,recession
2027-03-30,230.7,37.72,19.63,1.0173,recession
2027-03-31,276.7,37.08,19.89,1.0162,recession
2027-04-01,252.3,37.72,19.72,1.015,recession
2027-04-02,315.0,38.23,19.25,1.0138,recession
2027-04-03,296.9,37.47,19.2,1.0127,recession
2027-04-04,256.3,37.8,19.61,1.0115,recession
2027-04-05,252.0,37.44,19.53,1.0104,recession
2027-04-06,246.7,37.64,19.29,1.0092,recession
2027-04-07,301.6,37.86,18.35,1.0081,recession
2027-04-08,284.7,38.5,18.59,1.0069,recession
2027-04-09,285.4,38.95,19.25,1.0058,recession
2027-04-10,289.4,38.68,19.34,1.0046,recession
2027-04-11,292.9,38.05,19.11,1.0035,recession
2027-04-12,204.4,38.17,18.96,1.0023,recession
2027-04-13,249.5,38.45,18.91,1.0012,recession
2027-04-14,266.4,38.69,19.03,1.0,recession
2027-04-15,276.3,39.02,18.42,0.9988,recession
2027-04-16,392.0,38.12,18.67,0.9977,recession
2027-04-17,240.4,38.37,19.11,0.9965,recession
2027-04-18,296.2,39.73,18.84,0.9954,recession
2027-04-19,250.4,39.15,18.89,0.9942,recession
2027-04-20,264.2,39.15,18.96,0.9931,recession
2027-04-21,212.5,38.32,19.12,0.9919,recession
2027-04-22,270.6,39.45,18.86,0.9908,recession
2027-04-23,262.3,39.23,18.73,0.9896,recession
2027-04-24,300.3,38.28,19.22,0.9885,recession
2027-04-25,304.0,38.36,18.61,0.9873,recession
2027-04-26,279.2,39.2,19.17,0.9862,recession
2027-04-27,241.7,38.25,18.81,0.985,recession
2027-04-28,276.6,39.09,19.68,0.9838,recession
2027-04-29,296.4,38.51,20.15,0.9827,recession
2027-04-30,320.6,39.01,19.06,0.9815,recession
2027-05-01,321.8,39.05,19.8,0.9804,recession
2027-05-02,264.9,39.41,19.4,0.9792,recession
2027-05-03,266.7,37.63,19.41,0.9781,recession
2027-05-04,280.9,37.68,19.5,0.9769,recession
2027-05-05,246.6,38.21,19.83,0.9758,recession
2027-05-06,293.6,38.94,19.96,0.9746,recession
2027-05-07,340.2,38.27,19.57,0.9735,recession
2027-05-08,294.2,37.3,19.63,0.9723,recession
2027-05-09,344.3,38.23,20.24,0.9712,recession
2027-05-10,269.4,37.64,20.36,0.97,recession
2027-05-11,263.4,38.14,19.59,0.9688,recession
2027-05-12,284.8,36.88,19.85,0.9677,recession
2027-05-13,221.3,37.72,20.29,0.9665,recession
2027-05-14,292.5,37.8,20.66,0.9654,recession
2027-05-15,324.5,36.56,20.06,0.9642,recession
2027-05-16,249.6,36.96,20.14,0.9631,recession
2027-05-17,275.7,36.96,19.68,0.9619,recession
2027-05-18,257.9,36.72,20.29,0.9608,recession
2027-05-19,295.2,36.09,20.1,0.9596,recession
2027-05-20,321.5,36.84,19.8,0.9585,recession
2027-05-21,387.9,35.82,19.88,0.9573,recession
2027-05-22,379.6,36.17,20.57,0.9562,recession
2027-05-23,277.2,36.24,20.3,0.955,recession
2027-05-24,274.8,36.07,20.26,0.9538,recession
2027-05-25,254.3,36.07,19.42,0.9527,recession
2027-05-26,265.7,34.85,19.27,0.9515,recession
2027-05-27,300.0,34.54,19.09,0.9504,recession
2027-05-28,333.1,35.61,19.76,0.9492,recession
2027-05-29,372.8,35.59,19.12,0.9481,recession
2027-05-30,268.2,36.01,19.11,0.9469,recession
2027-05-31,310.8,35.18,19.77,0.9458,recession
2027-06-01,257.3,35.16,18.74,0.9446,recession
2027-06-02,301.8,34.49,19.45,0.9435,recession
2027-06-03,302.2,35.33,18.84,0.9423,recession
2027-06-04,328.0,35.77,19.21,0.9412,recession
2027-06-05,412.1,34.9,19.89,0.94,recession
2027-06-06,331.6,35.3,19.2,0.9388,recession
2027-06-07,277.3,35.62,18.96,0.9377,recession
2027-06-08,301.5,35.63,18.94,0.9365,recession
2027-06-09,354.5,35.52,18.9,0.9354,recession
2027-06-10,356.1,35.59,18.78,0.9342,recession
2027-06-11,342.6,33.59,18.38,0.9331,recession
2027-06-12,322.5,34.32,18.63,0.9319,recession
2027-06-13,478.0,35.4,19.35,0.9308,recession
2027-06-14,371.9,34.51,19.31,0.9296,recession
2027-06-15,293.2,35.8,19.12,0.9285,recession
2027-06-16,415.6,35.16,18.91,0.9273,recession
2027-06-17,416.1,34.78,19.14,0.9262,recession
2027-06-18,364.3,35.99,19.04,0.925,recession
2027-06-19,396.0,35.38,19.18,0.9238,recession
2027-06-20,413.5,35.33,19.52,0.9227,recession
2027-06-21,399.4,36.23,19.45,0.9215,recession
2027-06-22,427.5,35.88,18.98,0.9204,recession
2027-06-23,360.2,35.55,18.85,0.9192,recession
2027-06-24,347.7,35.71,18.51,0.9181,recession
2027-06-25,429.5,35.57,18.99,0.9169,recession
2027-06-26,449.9,37.2,19.26,0.9158,recession
2027-06-27,390.1,37.18,19.29,0.9146,recession
2027-06-28,299.4,36.71,19.38,0.9135,recession
2027-06-29,329.7,36.5,19.58,0.9123,recession
2027-06-30,363.5,37.16,19.83,0.9112,recession
2027-07-01,265.2,36.97,19.06,0.91,recession
2027-07-02,369.0,37.54,19.3,0.9088,recession
2027-07-03,321.2,37.59,19.35,0.9077,recession
2027-07-04,326.8,37.45,19.94,0.9065,recession
2027-07-05,312.1,37.41,20.36,0.9054,recession
2027-07-06,259.6,37.93,19.88,0.9042,recession
2027-07-07,226.1,37.76,20.0,0.9031,recession
2027-07-08,344.6,37.09,19.72,0.9019,recession
2027-07-09,264.9,38.08,19.6,0.9008,recession
2027-07-10,292.0,38.86,19.73,0.8996,recession
2027-07-11,280.4,37.96,20.49,0.8985,recession
2027-07-12,311.9,38.32,19.97,0.8973,recession
2027-07-13,242.8,38.13,19.93,0.8962,recession
2027-07-14,236.3,38.47,20.2,0.895,recession
2027-07-15,249.5,38.25,20.02,0.8938,recession
2027-07-16,264.1,39.53,20.34,0.8927,recession
2027-07-17,291.4,38.69,19.97,0.8915,recession
2027-07-18,294.3,38.52,20.04,0.8904,recession
2027-07-19,236.1,38.69,20.09,0.8892,recession
2027-07-20,219.2,38.6,19.7,0.8881,recession
2027-07-21,280.5,39.24,19.72,0.8869,recession
2027-07-22,287.4,38.23,20.02,0.8858,recession
2027-07-23,347.8,38.16,19.82,0.8846,recession
2027-07-24,272.9,38.77,19.54,0.8835,recession
2027-07-25,299.1,38.39,19.67,0.8823,recession
2027-07-26,296.9,38.16,20.44,0.8812,recession
2027-07-27,237.3,37.54,19.5,0.88,recession
2027-07-28,258.7,38.33,19.26,0.8788,recession
2027-07-29,260.3,38.01,19.59,0.8777,recession
2027-07-30,249.8,38.7,19.94,0.8765,recession
2027-07-31,304.5,37.62,19.28,0.8754,recession
2027-08-01,315.3,38.22,19.21,0.8742,recession
2027-08-02,339.8,37.91,19.09,0.8731,recession
2027-08-03,207.7,37.53,18.76,0.8719,recession
2027-08-04,275.8,38.33,19.11,0.8708,recession
2027-08-05,310.3,38.3,19.44,0.8696,recession
2027-08-06,333.8,37.37,19.18,0.8685,recession
2027-08-07,287.6,37.31,19.05,0.8673,recession
2027-08-08,293.2,36.31,18.44,0.8662,recession
2027-08-09,224.9,37.57,18.85,0.865,recession
2027-08-10,232.7,36.95,18.58,0.8638,recession
2027-08-11,291.0,37.43,18.05,0.8627,recession
2027-08-12,274.6,36.57,18.72,0.8615,recession
2027-08-13,301.9,36.89,19.11,0.8604,recession
2027-08-14,328.5,36.72,18.6,0.8592,recession
2027-08-15,291.3,36.61,18.64,0.8581,recession
2027-08-16,211.8,36.05,19.5,0.8569,recession
2027-08-17,266.7,35.82,19.17,0.8558,recession
2027-08-18,265.7,35.47,19.39,0.8546,recession
2027-08-19,259.5,35.96,19.44,0.8535,recession
2027-08-20,275.3,35.36,19.26,0.8523,recession
2027-08-21,311.6,35.86,19.06,0.8512,recession
2027-08-22,291.3,34.65,19.28,0.85,recession
2027-08-23,212.4,36.04,19.65,0.8488,recession
2027-08-24,204.5,35.56,19.31,0.8477,recession
2027-08-25,194.8,35.26,19.33,0.8465,recession
2027-08-26,268.6,34.78,19.4,0.8454,recession
2027-08-27,299.8,34.69,19.69,0.8442,recession
2027-08-28,281.7,34.77,19.28,0.8431,recession
2027-08-29,229.0,35.22,20.04,0.8419,recession
2027-08-30,268.8,34.96,19.87,0.8408,recession
2027-08-31,268.8,35.01,19.4,0.8396,recession
2027-09-01,261.2,35.19,20.24,0.8385,recession
2027-09-02,225.5,35.03,19.16,0.8373,recession
2027-09-03,287.2,35.1,19.01,0.8362,recession
2027-09-04,260.0,34.69,20.0,0.835,recession
2027-09-05,250.6,34.24,19.59,0.8338,recession
2027-09-06,202.9,35.36,19.68,0.8327,recession
2027-09-07,204.9,35.32,20.08,0.8315,recession
2027-09-08,234.7,33.97,20.29,0.8304,recession
2027-09-09,239.0,34.68,20.68,0.8292,recession
2027-09-10,226.6,35.88,20.13,0.8281,recession
2027-09-11,253.5,35.45,19.74,0.8269,recession
2027-09-12,283.4,35.4,20.17,0.8258,recession
2027-09-13,255.9,33.94,19.87,0.8246,recession
2027-09-14,240.8,34.89,19.79,0.8235,recession
2027-09-15,216.5,34.79,20.3,0.8223,recession
2027-09-16,211.0,35.17,20.35,0.8212,recession
2027-09-17,248.1,35.27,19.3,0.82,recession
2027-09-18,263.6,35.88,20.21,0.8188,recession
2027-09-19,245.9,35.26,19.89,0.8177,recession
2027-09-20,233.2,35.51,19.97,0.8165,recession
2027-09-21,186.1,35.29,19.43,0.8154,recession
2027-09-22,239.0,35.16,19.35,0.8142,recession
2027-09-23,217.5,36.11,19.49,0.8131,recession
2027-09-24,248.0,36.56,19.77,0.8119,recession
2027-09-25,225.3,36.17,19.48,0.8108,recession
2027-09-26,226.0,36.95,19.36,0.8096,recession
2027-09-27,205.2,36.23,19.72,0.8085,recession
2027-09-28,203.1,36.79,19.11,0.8073,recession
2027-09-29,183.6,35.74,18.68,0.8062,recession
2027-09-30,197.2,36.96,19.41,0.805,recession
2027-10-01,293.6,37.71,18.81,0.8038,recession
2027-10-02,227.4,36.7,19.21,0.8027,recession
2027-10-03,243.8,37.36,19.46,0.8015,recession
2027-10-04,213.8,37.43,18.78,0.8004,recession
2027-10-05,145.0,37.21,18.84,0.7992,recession
2027-10-06,253.5,37.56,18.53,0.7981,recession
2027-10-07,207.0,37.45,18.92,0.7969,recession
2027-10-08,195.3,37.3,18.67,0.7958,recession
2027-10-09,250.6,37.71,18.31,0.7946,recession
2027-10-10,239.7,37.66,18.8,0.7935,recession
2027-10-11,176.5,37.91,19.19,0.7923,recession
2027-10-12,161.6,36.9,18.46,0.7912,recession
2027-10-13,167.9,37.8,18.94,0.79,recession
2027-10-14,208.2,38.52,18.65,0.7888,recession
2027-10-15,193.7,38.37,18.3,0.7877,recession
2027-10-16,244.9,38.65,19.36,0.7865,recession
2027-10-17,199.3,38.09,19.08,0.7854,recession
2027-10-18,175.5,38.6,19.01,0.7842,recession
2027-10-19,180.1,38.88,18.76,0.7831,recession
2027-10-20,184.3,37.92,18.45,0.7819,recession
2027-10-21,224.3,38.08,19.38,0.7808,recession
2027-10-22,209.1,39.45,18.91,0.7796,recession
2027-10-23,229.0,37.86,19.77,0.7785,recession
2027-10-24,208.4,37.17,19.01,0.7773,recession
2027-10-25,171.9,38.69,19.18,0.7762,recession
2027-10-26,136.9,38.0,19.3,0.775,recession
2027-10-27,191.3,37.19,19.32,0.7738,recession
2027-10-28,210.0,37.21,19.6,0.7727,recession
2027-10-29,185.5,37.88,19.49,0.7715,recession
2027-10-30,241.7,36.98,19.62,0.7704,recession
2027-10-31,279.6,37.17,19.44,0.7692,recession
2027-11-01,257.9,36.77,20.16,0.7681,recession
2027-11-02,244.2,37.37,19.75,0.7669,recession
2027-11-03,238.7,37.19,19.67,0.7658,recession
2027-11-04,266.0,36.28,19.84,0.7646,recession
2027-11-05,294.8,37.67,19.54,0.7635,recession
2027-11-06,287.1,36.41,19.74,0.7623,recession
2027-11-07,262.5,36.54,19.98,0.7612,recession
2027-11-08,257.0,37.56,20.01,0.76,recession
2027-11-09,226.4,36.39,20.52,0.7588,recession
2027-11-10,246.2,36.1,19.94,0.7577,recession
2027-11-11,268.9,35.95,20.08,0.7565,recession
2027-11-12,257.5,36.46,19.65,0.7554,recession
2027-11-13,247.5,35.69,20.35,0.7542,recession
2027-11-14,250.9,34.92,19.85,0.7531,recession
2027-11-15,230.1,35.1,20.55,0.7519,recession
2027-11-16,236.4,35.28,19.32,0.7508,recession
2027-11-17,238.0,35.37,20.31,0.7496,recession
2027-11-18,278.4,34.6,19.75,0.7485,recession
2027-11-19,251.1,35.28,19.71,0.7473,recession
2027-11-20,168.8,34.88,19.38,0.7462,recession
2027-11-21,163.8,34.52,19.89,0.745,recession
2027-11-22,127.5,34.77,20.03,0.7438,recession
2027-11-23,148.0,35.67,19.16,0.7427,recession
2027-11-24,176.2,34.56,19.61,0.7415,recession
2027-11-25,173.4,34.57,19.25,0.7404,recession
2027-11-26,141.2,34.97,19.52,0.7392,recession
2027-11-27,171.7,34.42,19.46,0.7381,recession
2027-11-28,123.6,34.67,18.91,0.7369,recession
2027-11-29,165.0,34.6,18.65,0.7358,recession
2027-11-30,113.0,33.77,19.14,0.7346,recession
2027-12-01,123.6,34.58,19.4,0.7335,recession
2027-12-02,161.8,34.02,18.72,0.7323,recession
2027-12-03,144.5,34.12,19.04,0.7312,recession
2027-12-04,117.8,34.27,19.21,0.73,recession
2027-12-05,145.5,33.77,18.77,0.7288,recession
2027-12-06,158.9,34.65,18.57,0.7277,recession
2027-12-07,121.9,34.71,18.8,0.7265,recession
2027-12-08,115.2,35.39,19.16,0.7254,recession
2027-12-09,154.3,34.18,18.88,0.7242,recession
2027-12-10,157.9,34.3,19.3,0.7231,recession
2027-12-11,191.0,35.29,18.47,0.7219,recession
2027-12-12,187.7,33.8,19.66,0.7208,recession
2027-12-13,130.6,34.37,19.0,0.7196,recession
2027-12-14,116.4,35.4,18.67,0.7185,recession
2027-12-15,158.4,34.43,19.38,0.7173,recession
2027-12-16,128.7,35.98,18.8,0.7162,recession
2027-12-17,148.9,34.78,18.76,0.715,recession
2027-12-18,170.4,34.6,18.86,0.7138,recession
2027-12-19,141.4,35.21,18.22,0.7127,recession
2027-12-20,112.7,35.31,19.33,0.7115,recession
2027-12-21,138.8,35.18,19.08,0.7104,recession
2027-12-22,145.8,35.31,19.05,0.7092,recession
2027-12-23,131.7,35.71,18.9,0.7081,recession
2027-12-24,161.2,35.56,19.79,0.7069,recession
2027-12-25,147.3,35.45,19.33,0.7058,recession
2027-12-26,154.4,36.01,19.28,0.7046,recession
2027-12-27,137.8,36.08,19.73,0.7035,recession
2027-12-28,110.0,35.52,19.34,0.7023,recession
2027-12-29,130.4,36.51,19.41,0.7012,recession
2027-12-30,143.5,36.43,19.92,0.7,recession
2027-12-31,146.5,40.06,19.14,0.7,rebound
2028-01-01,186.1,40.47,18.62,0.7007,rebound
2028-01-02,168.3,40.68,18.49,0.7014,rebound
2028-01-03,134.5,40.63,18.62,0.7021,rebound
2028-01-04,120.9,39.23,19.3,0.7029,rebound
2028-01-05,128.7,40.16,19.15,0.7036,rebound
2028-01-06,143.4,40.86,19.0,0.7043,rebound
2028-01-07,151.6,41.35,18.71,0.705,rebound
2028-01-08,198.8,40.54,18.93,0.7057,rebound
2028-01-09,158.2,40.78,19.15,0.7064,rebound
2028-01-10,174.3,42.15,19.34,0.7071,rebound
2028-01-11,135.3,40.11,19.05,0.7079,rebound
2028-01-12,110.3,41.32,19.62,0.7086,rebound
2028-01-13,161.1,41.23,19.15,0.7093,rebound
2028-01-14,145.7,41.45,19.61,0.71,rebound
2028-01-15,166.4,41.55,18.79,0.7107,rebound
2028-01-16,142.4,42.12,19.43,0.7114,rebound
2028-01-17,151.8,42.33,19.12,0.7121,rebound
2028-01-18,127.5,43.45,18.57,0.7129,rebound
2028-01-19,116.9,42.84,19.41,0.7136,rebound
2028-01-20,146.5,41.94,18.98,0.7143,rebound
2028-01-21,126.0,42.12,19.47,0.715,rebound
2028-01-22,156.7,42.53,18.73,0.7157,rebound
2028-01-23,174.0,43.34,19.04,0.7164,rebound
2028-01-24,146.4,41.9,19.14,0.7171,rebound
2028-01-25,146.9,42.18,18.47,0.7179,rebound
2028-01-26,135.4,41.85,18.83,0.7186,rebound
2028-01-27,149.7,42.5,19.05,0.7193,rebound
2028-01-28,142.4,41.18,18.56,0.72,rebound
2028-01-29,127.6,41.88,18.56,0.7207,rebound
2028-01-30,124.4,41.07,18.98,0.7214,rebound
2028-01-31,120.6,41.8,19.54,0.7221,rebound
2028-02-01,100.0,41.98,18.41,0.7229,rebound
2028-02-02,118.8,41.29,18.71,0.7236,rebound
2028-02-03,97.6,41.28,18.3,0.7243,rebound
2028-02-04,127.0,41.86,18.94,0.725,rebound
2028-02-05,109.8,41.13,18.24,0.7257,rebound
2028-02-06,107.7,41.35,18.45,0.7264,rebound
2028-02-07,142.8,40.82,18.71,0.7271,rebound
2028-02-08,97.6,40.35,17.97,0.7279,rebound
2028-02-09,93.3,40.48,18.45,0.7286,rebound
2028-02-10,91.5,41.61,18.16,0.7293,rebound
2028-02-11,97.2,40.28,17.69,0.73,rebound
2028-02-12,185.5,40.31,18.02,0.7307,rebound
2028-02-13,161.2,40.75,18.2,0.7314,rebound
2028-02-14,189.3,40.2,18.03,0.7321,rebound
2028-02-15,174.5,40.14,18.48,0.7329,rebound
2028-02-16,142.6,40.88,18.1,0.7336,rebound
2028-02-17,133.2,40.06,18.29,0.7343,rebound
2028-02-18,170.4,39.05,18.4,0.735,rebound
2028-02-19,187.5,39.67,18.93,0.7357,rebound
2028-02-20,177.7,38.9,18.51,0.7364,rebound
2028-02-21,190.2,38.9,18.1,0.7371,rebound
2028-02-22,186.6,39.49,18.87,0.7379,rebound
2028-02-23,183.3,38.87,18.46,0.7386,rebound
2028-02-24,169.4,38.58,18.54,0.7393,rebound
2028-02-25,158.4,38.34,18.14,0.74,rebound
2028-02-26,184.6,38.6,18.47,0.7407,rebound
2028-02-27,210.8,38.3,18.69,0.7414,rebound
2028-02-28,174.3,38.84,18.18,0.7421,rebound
2028-02-29,156.2,38.38,18.61,0.7429,rebound
2028-03-01,137.3,38.13,18.78,0.7436,rebound
2028-03-02,156.7,39.7,18.6,0.7443,rebound
2028-03-03,159.5,38.27,19.32,0.745,rebound
2028-03-04,188.1,37.71,19.45,0.7457,rebound
2028-03-05,225.0,37.42,18.55,0.7464,rebound
2028-03-06,174.0,37.45,18.42,0.7471,rebound
2028-03-07,188.2,37.32,18.63,0.7479,rebound
2028-03-08,165.6,37.96,19.53,0.7486,rebound
2028-03-09,166.8,38.0,18.76,0.7493,rebound
2028-03-10,165.0,38.33,19.09,0.75,rebound
2028-03-11,194.6,37.56,19.62,0.7507,rebound
2028-03-12,250.9,37.87,19.43,0.7514,rebound
2028-03-13,193.8,37.86,19.53,0.7521,rebound
2028-03-14,195.1,39.03,19.27,0.7529,rebound
2028-03-15,188.5,38.34,19.95,0.7536,rebound
2028-03-16,171.0,38.56,19.1,0.7543,rebound
2028-03-17,178.6,38.98,18.86,0.755,rebound
2028-03-18,203.6,38.63,19.25,0.7557,rebound
2028-03-19,213.9,38.58,20.08,0.7564,rebound
2028-03-20,192.3,38.5,19.67,0.7571,rebound
2028-03-21,205.5,38.68,19.06,0.7579,rebound
2028-03-22,185.3,38.92,18.61,0.7586,rebound
2028-03-23,190.6,38.94,19.09,0.7593,rebound
2028-03-24,191.6,39.07,19.19,0.76,rebound
2028-03-25,234.6,40.27,19.18,0.7607,rebound
2028-03-26,210.6,38.78,18.9,0.7614,rebound
2028-03-27,199.1,38.56,18.56,0.7621,rebound
2028-03-28,211.7,39.91,18.66,0.7629,rebound
2028-03-29,164.3,40.55,18.91,0.7636,rebound
2028-03-30,199.9,39.87,19.16,0.7643,rebound
2028-03-31,188.0,40.56,18.99,0.765,rebound
2028-04-01,213.5,41.11,18.53,0.7657,rebound
2028-04-02,230.2,40.3,18.49,0.7664,rebound
2028-04-03,182.1,40.66,18.89,0.7671,rebound
2028-04-04,194.2,40.28,18.8,0.7679,rebound
2028-04-05,189.2,40.5,18.57,0.7686,rebound
2028-04-06,244.6,40.74,17.67,0.7693,rebound
2028-04-07,213.5,41.43,17.9,0.77,rebound
2028-04-08,217.3,41.92,18.53,0.7707,rebound
2028-04-09,210.8,41.64,18.63,0.7714,rebound
2028-04-10,238.0,40.96,18.4,0.7721,rebound
2028-04-11,152.8,41.1,18.26,0.7729,rebound
2028-04-12,177.6,41.4,18.21,0.7736,rebound
2028-04-13,194.6,41.67,18.32,0.7743,rebound
2028-04-14,195.6,42.03,17.74,0.775,rebound
2028-04-15,296.1,41.06,17.98,0.7757,rebound
2028-04-16,197.1,41.34,18.4,0.7764,rebound
2028-04-17,233.2,42.81,18.14,0.7771,rebound
2028-04-18,216.1,42.19,18.19,0.7779,rebound
2028-04-19,189.2,42.19,18.26,0.7786,rebound
2028-04-20,172.3,41.3,18.41,0.7793,rebound
2028-04-21,217.0,42.53,18.16,0.78,rebound
2028-04-22,207.6,42.29,18.03,0.7807,rebound
2028-04-23,244.3,41.27,18.51,0.7814,rebound
2028-04-24,231.9,41.37,17.92,0.7821,rebound
2028-04-25,231.2,42.28,18.46,0.7829,rebound
2028-04-26,193.6,41.26,18.12,0.7836,rebound
2028-04-27,211.0,42.17,18.95,0.7843,rebound
2028-04-28,222.5,41.55,19.41,0.785,rebound
2028-04-29,262.3,42.09,18.36,0.7857,rebound
2028-04-30,259.2,42.14,19.06,0.7864,rebound
2028-05-01,200.0,42.53,18.68,0.7871,rebound
2028-05-02,200.6,40.62,18.69,0.7879,rebound
2028-05-03,216.7,40.68,18.78,0.7886,rebound
2028-05-04,218.5,41.25,19.09,0.7893,rebound
2028-05-05,197.7,42.04,19.22,0.79,rebound
2028-05-06,254.1,41.33,18.84,0.7907,rebound
2028-05-07,266.6,40.28,18.91,0.7914,rebound
2028-05-08,273.3,41.29,19.49,0.7921,rebound
2028-05-09,236.9,40.66,19.6,0.7929,rebound
2028-05-10,208.0,41.21,18.87,0.7936,rebound
2028-05-11,219.6,39.85,19.12,0.7943,rebound
2028-05-12,174.1,40.76,19.54,0.795,rebound
2028-05-13,235.9,40.85,19.9,0.7957,rebound
2028-05-14,276.5,39.52,19.31,0.7964,rebound
2028-05-15,207.0,39.95,19.4,0.7971,rebound
2028-05-16,222.0,39.96,18.95,0.7979,rebound
2028-05-17,227.0,39.7,19.54,0.7986,rebound
2028-05-18,252.6,39.03,19.35,0.7993,rebound
2028-05-19,264.7,39.84,19.06,0.8,rebound
2028-05-20,309.3,38.75,19.15,0.8007,rebound
2028-05-21,332.5,39.13,19.81,0.8014,rebound
2028-05-22,214.8,39.21,19.55,0.8021,rebound
2028-05-23,239.0,39.03,19.51,0.8029,rebound
2028-05-24,225.8,39.03,18.7,0.8036,rebound
2028-05-25,223.0,37.72,18.55,0.8043,rebound
2028-05-26,243.0,37.39,18.39,0.805,rebound
2028-05-27,303.2,38.55,19.03,0.8057,rebound
2028-05-28,326.8,38.53,18.41,0.8064,rebound
2028-05-29,232.7,38.99,18.4,0.8071,rebound
2028-05-30,263.9,38.1,19.04,0.8079,rebound
2028-05-31,214.3,38.08,18.04,0.8086,rebound
2028-06-01,275.5,37.36,18.73,0.8093,rebound
2028-06-02,292.7,38.27,18.14,0.81,rebound
2028-06-03,278.6,38.76,18.5,0.8107,rebound
2028-06-04,346.3,37.82,19.16,0.8114,rebound
2028-06-05,302.5,38.25,18.49,0.8121,rebound
2028-06-06,254.1,38.61,18.26,0.8129,rebound
2028-06-07,239.2,38.62,18.24,0.8136,rebound
2028-06-08,296.6,38.51,18.2,0.8143,rebound
2028-06-09,292.1,38.59,18.09,0.815,rebound
2028-06-10,296.1,36.42,17.7,0.8157,rebound
2028-06-11,302.9,37.22,17.94,0.8164,rebound
2028-06-12,393.2,38.4,18.64,0.8171,rebound
2028-06-13,354.6,37.44,18.6,0.8179,rebound
2028-06-14,257.6,38.84,18.41,0.8186,rebound
2028-06-15,355.0,38.15,18.21,0.8193,rebound
2028-06-16,370.9,37.74,18.43,0.82,rebound
2028-06-17,339.9,39.06,18.34,0.8207,rebound
2028-06-18,356.7,38.4,18.47,0.8214,rebound
2028-06-19,381.4,38.35,18.79,0.8221,rebound
2028-06-20,343.0,39.33,18.73,0.8229,rebound
2028-06-21,355.4,38.96,18.27,0.8236,rebound
2028-06-22,316.3,38.6,18.15,0.8243,rebound
2028-06-23,291.3,38.78,17.83,0.825,rebound
2028-06-24,423.5,38.64,18.28,0.8257,rebound
2028-06-25,355.3,40.41,18.54,0.8264,rebound
2028-06-26,314.7,40.39,18.57,0.8271,rebound
2028-06-27,286.2,39.89,18.66,0.8279,rebound
2028-06-28,305.1,39.66,18.86,0.8286,rebound
2028-06-29,343.8,40.39,19.09,0.8293,rebound
2028-06-30,260.9,40.18,18.36,0.83,rebound
2028-07-01,306.1,40.81,18.58,0.8307,rebound
2028-07-02,291.0,40.87,18.64,0.8314,rebound
2028-07-03,283.2,40.72,19.2,0.8321,rebound
2028-07-04,276.0,40.68,19.6,0.8329,rebound
2028-07-05,280.0,41.25,19.15,0.8336,rebound
2028-07-06,229.5,41.07,19.26,0.8343,rebound
2028-07-07,338.8,40.35,18.99,0.835,rebound
2028-07-08,236.5,41.43,18.88,0.8357,rebound
2028-07-09,279.5,42.29,19.0,0.8364,rebound
2028-07-10,250.7,41.31,19.73,0.8371,rebound
2028-07-11,294.6,41.71,19.23,0.8379,rebound
2028-07-12,207.9,41.5,19.19,0.8386,rebound
2028-07-13,233.1,41.88,19.45,0.8393,rebound
2028-07-14,223.0,41.65,19.28,0.84,rebound
2028-07-15,274.5,43.04,19.58,0.8407,rebound
2028-07-16,278.7,42.14,19.23,0.8414,rebound
2028-07-17,311.8,41.96,19.3,0.8421,rebound
2028-07-18,253.8,42.14,19.34,0.8429,rebound
2028-07-19,221.4,42.05,18.97,0.8436,rebound
2028-07-20,242.0,42.75,18.99,0.8443,rebound
2028-07-21,275.5,41.66,19.28,0.845,rebound
2028-07-22,298.9,41.59,19.08,0.8457,rebound
2028-07-23,275.1,42.26,18.81,0.8464,rebound
2028-07-24,275.6,41.85,18.94,0.8471,rebound
2028-07-25,261.3,41.6,19.69,0.8479,rebound
2028-07-26,212.6,40.93,18.78,0.8486,rebound
2028-07-27,259.2,41.8,18.54,0.8493,rebound
2028-07-28,247.1,41.45,18.87,0.85,rebound
2028-07-29,260.7,42.21,19.2,0.8507,rebound
2028-07-30,291.5,41.04,18.56,0.8514,rebound
2028-07-31,311.2,41.7,18.5,0.8521,rebound
2028-08-01,302.7,41.37,18.39,0.8529,rebound
2028-08-02,212.9,40.96,18.06,0.8536,rebound
2028-08-03,278.3,41.83,18.4,0.8543,rebound
2028-08-04,331.2,41.8,18.72,0.855,rebound
2028-08-05,322.6,40.8,18.47,0.8557,rebound
2028-08-06,274.0,40.73,18.35,0.8564,rebound
2028-08-07,294.5,39.65,17.75,0.8571,rebound
2028-08-08,241.1,41.03,18.15,0.8579,rebound
2028-08-09,248.6,40.36,17.89,0.8586,rebound
2028-08-10,285.9,40.88,17.38,0.8593,rebound
2028-08-11,261.3,39.95,18.02,0.86,rebound
2028-08-12,295.5,40.31,18.4,0.8607,rebound
2028-08-13,333.0,40.12,17.91,0.8614,rebound
2028-08-14,287.2,40.01,17.95,0.8621,rebound
2028-08-15,245.8,39.4,18.78,0.8629,rebound
2028-08-16,265.5,39.15,18.46,0.8636,rebound
2028-08-17,259.3,38.78,18.67,0.8643,rebound
2028-08-18,266.4,39.32,18.72,0.865,rebound
2028-08-19,282.5,38.67,18.54,0.8657,rebound
2028-08-20,265.4,39.22,18.36,0.8664,rebound
2028-08-21,299.8,37.9,18.56,0.8671,rebound
2028-08-22,210.8,39.42,18.92,0.8679,rebound
2028-08-23,214.4,38.9,18.6,0.8686,rebound
2028-08-24,199.9,38.58,18.62,0.8693,rebound
2028-08-25,277.0,38.06,18.68,0.87,rebound
2028-08-26,270.1,37.96,18.96,0.8707,rebound
2028-08-27,271.6,38.06,18.56,0.8714,rebound
2028-08-28,249.5,38.55,19.3,0.8721,rebound
2028-08-29,270.4,38.27,19.14,0.8729,rebound
2028-08-30,274.3,38.33,18.68,0.8736,rebound
2028-08-31,297.5,38.54,19.49,0.8743,rebound
2028-09-01,259.2,38.37,18.45,0.875,rebound
2028-09-02,285.6,38.45,18.3,0.8757,rebound
2028-09-03,279.3,38.0,19.26,0.8764,rebound
2028-09-04,247.0,37.51,18.87,0.8771,rebound
2028-09-05,208.2,38.74,18.95,0.8779,rebound
2028-09-06,220.0,38.71,19.33,0.8786,rebound
2028-09-07,274.9,37.23,19.54,0.8793,rebound
2028-09-08,239.4,38.01,19.92,0.88,rebound
2028-09-09,248.7,39.33,19.39,0.8807,rebound
2028-09-10,265.6,38.87,19.01,0.8814,rebound
2028-09-11,294.5,38.82,19.43,0.8821,rebound
2028-09-12,276.0,37.22,19.14,0.8829,rebound
2028-09-13,254.7,38.27,19.05,0.8836,rebound
2028-09-14,234.1,38.16,19.55,0.8843,rebound
2028-09-15,215.4,38.58,19.59,0.885,rebound
2028-09-16,251.6,38.7,18.58,0.8857,rebound
2028-09-17,269.8,39.37,19.46,0.8864,rebound
2028-09-18,264.5,38.7,19.16,0.8871,rebound
2028-09-19,259.7,38.98,19.23,0.8879,rebound
2028-09-20,201.3,38.74,18.71,0.8886,rebound
2028-09-21,246.1,38.6,18.64,0.8893,rebound
2028-09-22,237.8,39.65,18.77,0.89,rebound
2028-09-23,257.0,40.15,19.04,0.8907,rebound
2028-09-24,233.0,39.72,18.76,0.8914,rebound
2028-09-25,232.7,40.58,18.65,0.8921,rebound
2028-09-26,233.6,39.8,18.99,0.8929,rebound
2028-09-27,217.8,40.42,18.4,0.8936,rebound
2028-09-28,211.5,39.27,17.99,0.8943,rebound
2028-09-29,218.1,40.61,18.69,0.895,rebound
2028-09-30,309.9,41.44,18.12,0.8957,rebound
2028-10-01,263.6,40.34,18.5,0.8964,rebound
2028-10-02,258.1,41.07,18.74,0.8971,rebound
2028-10-03,236.3,41.15,18.09,0.8979,rebound
2028-10-04,155.2,40.91,18.14,0.8986,rebound
2028-10-05,293.6,41.3,17.85,0.8993,rebound
2028-10-06,224.1,41.19,18.22,0.9,rebound
2028-10-07,240.3,41.03,17.98,0.9007,rebound
2028-10-08,305.0,41.48,17.63,0.9014,rebound
2028-10-09,273.4,41.43,18.11,0.9021,rebound
2028-10-10,210.2,41.71,18.48,0.9029,rebound
2028-10-11,184.0,40.61,17.77,0.9036,rebound
2028-10-12,195.1,41.6,18.24,0.9043,rebound
2028-10-13,239.9,42.4,17.96,0.905,rebound
2028-10-14,257.6,42.24,17.62,0.9057,rebound
2028-10-15,264.8,42.55,18.65,0.9064,rebound
2028-10-16,216.5,41.94,18.38,0.9071,rebound
2028-10-17,205.5,42.51,18.3,0.9079,rebound
2028-10-18,203.9,42.82,18.06,0.9086,rebound
2028-10-19,188.2,41.77,17.76,0.9093,rebound
2028-10-20,246.1,41.95,18.66,0.91,rebound
2028-10-21,246.6,43.47,18.21,0.9107,rebound
2028-10-22,259.2,41.72,19.04,0.9114,rebound
2028-10-23,241.5,40.97,18.3,0.9121,rebound
2028-10-24,206.2,42.65,18.47,0.9129,rebound
2028-10-25,171.4,41.89,18.58,0.9136,rebound
2028-10-26,223.4,41.0,18.61,0.9143,rebound
2028-10-27,246.9,41.03,18.88,0.915,rebound
2028-10-28,226.3,41.77,18.77,0.9157,rebound
2028-10-29,269.2,40.79,18.9,0.9164,rebound
2028-10-30,354.9,41.0,18.72,0.9171,rebound
2028-10-31,283.9,40.56,19.42,0.9179,rebound
2028-11-01,283.9,41.23,19.02,0.9186,rebound
2028-11-02,271.8,41.04,18.94,0.9193,rebound
2028-11-03,313.7,40.04,19.1,0.92,rebound
2028-11-04,337.8,41.58,18.81,0.9207,rebound
2028-11-05,358.0,40.19,19.01,0.9214,rebound
2028-11-06,345.2,40.34,19.24,0.9221,rebound
2028-11-07,309.9,41.47,19.27,0.9229,rebound
2028-11-08,266.3,40.18,19.76,0.9236,rebound
2028-11-09,286.5,39.87,19.2,0.9243,rebound
2028-11-10,298.1,39.71,19.33,0.925,rebound
2028-11-11,311.7,40.27,18.92,0.9257,rebound
2028-11-12,296.1,39.43,19.59,0.9264,rebound
2028-11-13,309.8,38.58,19.12,0.9271,rebound
2028-11-14,267.7,38.79,19.79,0.9279,rebound
2028-11-15,280.1,38.99,18.61,0.9286,rebound
2028-11-16,290.4,39.1,19.56,0.9293,rebound
2028-11-17,330.3,38.25,19.02,0.93,rebound
2028-11-18,330.2,39.0,18.98,0.9307,rebound
2028-11-19,216.0,38.57,18.66,0.9314,rebound
2028-11-20,215.2,38.17,19.16,0.9321,rebound
2028-11-21,165.8,38.46,19.29,0.9329,rebound
2028-11-22,198.9,39.46,18.45,0.9336,rebound
2028-11-23,219.7,38.23,18.89,0.9343,rebound
2028-11-24,231.7,38.25,18.53,0.935,rebound
2028-11-25,168.3,38.69,18.79,0.9357,rebound
2028-11-26,230.8,38.09,18.74,0.9364,rebound
2028-11-27,190.5,38.37,18.21,0.9371,rebound
2028-11-28,217.2,38.3,17.96,0.9379,rebound
2028-11-29,139.0,37.39,18.43,0.9386,rebound
2028-11-30,169.3,38.29,18.68,0.9393,rebound
2028-12-01,202.2,37.67,18.02,0.94,rebound
2028-12-02,182.1,37.79,18.34,0.9407,rebound
2028-12-03,164.3,37.96,18.5,0.9414,rebound
2028-12-04,180.3,37.41,18.08,0.9421,rebound
2028-12-05,200.2,38.39,17.88,0.9429,rebound
2028-12-06,161.3,38.46,18.11,0.9436,rebound
2028-12-07,168.3,39.22,18.45,0.9443,rebound
2028-12-08,204.9,37.88,18.18,0.945,rebound
2028-12-09,216.2,38.02,18.58,0.9457,rebound
2028-12-10,249.4,39.12,17.78,0.9464,rebound
2028-12-11,233.0,37.47,18.93,0.9471,rebound
2028-12-12,185.7,38.11,18.29,0.9479,rebound
2028-12-13,158.0,39.26,17.98,0.9486,rebound
2028-12-14,193.0,38.19,18.66,0.9493,rebound
2028-12-15,179.3,39.91,18.11,0.95,rebound
2028-12-16,189.3,38.58,18.06,0.9507,rebound
2028-12-17,228.7,38.39,18.16,0.9514,rebound
2028-12-18,176.2,39.07,17.54,0.9521,rebound
2028-12-19,160.9,39.19,18.62,0.9529,rebound
2028-12-20,192.9,39.05,18.38,0.9536,rebound
2028-12-21,205.6,39.2,18.35,0.9543,rebound
2028-12-22,172.8,39.64,18.2,0.955,rebound
2028-12-23,201.8,39.48,19.05,0.9557,rebound
2028-12-24,210.2,39.36,18.62,0.9564,rebound
2028-12-25,211.5,39.99,18.56,0.9571,rebound
2028-12-26,186.8,40.07,19.0,0.9579,rebound
2028-12-27,153.4,39.46,18.63,0.9586,rebound
2028-12-28,185.4,40.56,18.69,0.9593,rebound
2028-12-29,194.8,40.48,19.18,0.96,rebound
